t,
0,0,0,0,0,0,0,0,0,0,0,
0,0,0,0,0,0,0,0,0,0,0,
0,0,0,0,0,0,0,0,0,0,0,
0,0,0,0,0,0,0,0,0,0,0,
0,0,0,0,0,0,0,0,0,0,0,
0,0,0,0,0,0,0,0,0,0,0,
0,0,0,0,0,0,0,0,0,0,0,
0,0,0,0,0,0,0,0,0,0,0,
0,0,0,0,0,0,0,0,0,0,0,
0,0,0,0,0,0,0,0,0,0,0,
0,0,0,0,0,0,0,0,0,0,0,

0.01,
0.00999079,0.00998896,0.00998398,0.00997779,0.00997278,0.00997086,0.00997278,0.00997779,0.00998398,0.00998896,0.00999079,
0.0099524,0.00994553,0.00992701,0.00990402,0.00988552,0.00987844,0.00988552,0.00990402,0.00992701,0.00994553,0.0099524,
0.00987791,0.00985027,0.00977687,0.00968671,0.00961446,0.009587,0.00961446,0.00968671,0.00977687,0.00985027,0.00987791,
0.00975489,0.00969318,0.00953144,0.00933505,0.00917924,0.00912042,0.00917924,0.00933505,0.00953144,0.00969318,0.00975489,
0.00958556,0.00947765,0.00919825,0.00886407,0.00860277,0.00850501,0.00860277,0.00886407,0.00919825,0.00947765,0.00958556,
0.00937215,0.00920752,0.0087869,0.00829329,0.00791449,0.00777442,0.00791449,0.00829329,0.0087869,0.00920752,0.00937215,
0.00911774,0.00888777,0.00830897,0.00764527,0.00714752,0.00696608,0.00714752,0.00764527,0.00830897,0.00888777,0.00911774,
0.00882598,0.00852416,0.00777755,0.0069444,0.00633635,0.00611842,0.00633635,0.0069444,0.00777755,0.00852416,0.00882598,
0.00849981,0.00812172,0.0072047,0.00621312,0.00551198,0.00526558,0.00551198,0.00621312,0.0072047,0.00812172,0.00849981,
0.00815262,0.00769792,0.00661849,0.00549089,0.0047209,0.00445612,0.0047209,0.00549089,0.00661849,0.00769792,0.00815262,
0.00781142,0.00728648,0.00606761,0.00483901,0.00402974,0.00375763,0.00402974,0.00483901,0.00606761,0.00728648,0.00781142,

0.0239526,
0.0238898,0.0238809,0.0238562,0.0238255,0.0238006,0.0237911,0.0238006,0.0238255,0.0238562,0.0238809,0.0238898,
0.0237641,0.0237477,0.0237038,0.0236491,0.0236052,0.0235883,0.0236052,0.0236491,0.0237038,0.0237477,0.0237641,
0.0235866,0.0235217,0.0233468,0.0231316,0.0229592,0.0228937,0.0229592,0.0231316,0.0233468,0.0235217,0.0235866,
0.0232909,0.0231461,0.0227614,0.0222938,0.0219231,0.0217831,0.0219231,0.0222938,0.0227614,0.0231461,0.0232909,
0.0228863,0.0226325,0.0219676,0.0211717,0.0205498,0.0203171,0.0205498,0.0211717,0.0219676,0.0226325,0.0228863,
0.0223761,0.0219883,0.0209872,0.0198117,0.01891,0.0185766,0.01891,0.0198117,0.0209872,0.0219883,0.0223761,
0.0217679,0.0212254,0.0198475,0.0182668,0.0170817,0.0166497,0.0170817,0.0182668,0.0198475,0.0212254,0.0217679,
0.0210705,0.0203581,0.0185803,0.0165958,0.0151477,0.0146286,0.0151477,0.0165958,0.0185803,0.0203581,0.0210705,
0.0202907,0.0193976,0.0172136,0.0148512,0.0131808,0.0125936,0.0131808,0.0148512,0.0172136,0.0193976,0.0202907,
0.0194848,0.0184146,0.0158519,0.0131705,0.0113372,0.010706,0.0113372,0.0131705,0.0158519,0.0184146,0.0194848,
0.0187741,0.0175568,0.0146995,0.0118017,0.00988142,0.00923312,0.00988142,0.0118017,0.0146995,0.0175568,0.0187741,

0.0347451,
0.0346008,0.034584,0.0345369,0.0344781,0.0344306,0.0344124,0.0344306,0.0344781,0.0345369,0.034584,0.0346008,
0.0343887,0.0343649,0.0343017,0.0342228,0.0341596,0.0341352,0.0341596,0.0342228,0.0343017,0.0343649,0.0343887,
0.0341331,0.0340397,0.0337868,0.0334753,0.0332261,0.0331312,0.0332261,0.0334753,0.0337868,0.0340397,0.0341331,
0.0337025,0.0334951,0.0329402,0.0322652,0.0317303,0.0315283,0.0317303,0.0322652,0.0329402,0.0334951,0.0337025,
0.0331169,0.0327532,0.0317935,0.0306442,0.0297464,0.0294104,0.0297464,0.0306442,0.0317935,0.0327532,0.0331169,
0.0323777,0.0318219,0.0303767,0.0286793,0.0273777,0.0268963,0.0273777,0.0286793,0.0303767,0.0318219,0.0323777,
0.0314965,0.0307186,0.0287291,0.0264462,0.0247351,0.0241112,0.0247351,0.0264462,0.0287291,0.0307186,0.0314965,
0.0304868,0.0294647,0.0268976,0.0240313,0.02194,0.0211902,0.02194,0.0240313,0.0268976,0.0294647,0.0304868,
0.0293603,0.028079,0.0249258,0.0215139,0.0191013,0.0182529,0.0191013,0.0215139,0.0249258,0.028079,0.0293603,
0.0282208,0.0266895,0.0229987,0.0191318,0.0164849,0.0155729,0.0164849,0.0191318,0.0229987,0.0266895,0.0282208,
0.0272903,0.0255652,0.0214837,0.0173267,0.0145605,0.013624,0.0145605,0.0173267,0.0214837,0.0255652,0.0272903,

0.049319,
0.0490032,0.0489727,0.0488883,0.0487826,0.0486974,0.0486647,0.0486974,0.0487826,0.0488883,0.0489727,0.0490032,
0.0486554,0.0486215,0.0485326,0.0484215,0.0483326,0.0482982,0.0483326,0.0484215,0.0485326,0.0486215,0.0486554,
0.0482965,0.0481649,0.0478074,0.0473666,0.0470141,0.0468799,0.0470141,0.0473666,0.0478074,0.0481649,0.0482965,
0.047682,0.0473921,0.0466102,0.0456586,0.0449049,0.0446201,0.0449049,0.0456586,0.0466102,0.0473921,0.047682,
0.0468536,0.0463453,0.0449919,0.0433704,0.0421041,0.0416303,0.0421041,0.0433704,0.0449919,0.0463453,0.0468536,
0.0458058,0.0450289,0.0429909,0.0405963,0.0387605,0.0380816,0.0387605,0.0405963,0.0429909,0.0450289,0.0458058,
0.044557,0.0434693,0.0406628,0.0374416,0.0350277,0.0341475,0.0350277,0.0374416,0.0406628,0.0434693,0.044557,
0.0431279,0.0416982,0.0380769,0.0340321,0.0310813,0.030023,0.0310813,0.0340321,0.0380769,0.0416982,0.0431279,
0.041543,0.0397516,0.0353061,0.0304928,0.0270881,0.0258903,0.0270881,0.0304928,0.0353061,0.0397516,0.041543,
0.0399823,0.037849,0.0326622,0.0272177,0.0234848,0.022197,0.0234848,0.0272177,0.0326622,0.037849,0.0399823,
0.0388234,0.0364456,0.0307627,0.0249445,0.0210533,0.0197315,0.0210533,0.0249445,0.0307627,0.0364456,0.0388234,

0.0612607,
0.0607488,0.0607052,0.0605854,0.0604353,0.0603142,0.0602678,0.0603142,0.0604353,0.0605854,0.0607052,0.0607488,
0.0602773,0.060235,0.0601253,0.0599881,0.0598784,0.0598359,0.0598784,0.0599881,0.0601253,0.060235,0.0602773,
0.0598356,0.0596728,0.0592302,0.0586841,0.0582475,0.0580812,0.0582475,0.0586841,0.0592302,0.0596728,0.0598356,
0.059069,0.0587129,0.0577476,0.0565722,0.0556415,0.0552899,0.0556415,0.0565722,0.0577476,0.0587129,0.059069,
0.0580431,0.0574192,0.0557469,0.0537426,0.052178,0.0515924,0.052178,0.0537426,0.0557469,0.0574192,0.0580431,
0.0567428,0.0557894,0.0532714,0.0503119,0.0480436,0.0472046,0.0480436,0.0503119,0.0532714,0.0557894,0.0567428,
0.055194,0.0538589,0.0503906,0.0464089,0.0434255,0.0423375,0.0434255,0.0464089,0.0503906,0.0538589,0.055194,
0.0534242,0.0516692,0.0471941,0.0421942,0.0385467,0.0372384,0.0385467,0.0421942,0.0471941,0.0516692,0.0534242,
0.051474,0.0492767,0.0437871,0.0378396,0.0336309,0.0321497,0.0336309,0.0378396,0.0437871,0.0492767,0.051474,
0.0495925,0.0469831,0.0405943,0.0338773,0.0292655,0.0276727,0.0292655,0.0338773,0.0405943,0.0469831,0.0495925,
0.0482908,0.0454031,0.0384471,0.0312982,0.0264992,0.0248648,0.0264992,0.0312982,0.0384471,0.0454031,0.0482908,

0.0770322,
0.0761818,0.0761186,0.0759469,0.0757317,0.0755581,0.0754914,0.0755581,0.0757317,0.0759469,0.0761186,0.0761818,
0.0755333,0.0754799,0.0753432,0.0751719,0.0750352,0.074982,0.0750352,0.0751719,0.0753432,0.0754799,0.0755333,
0.0749845,0.0747809,0.0742267,0.0735424,0.0729956,0.0727871,0.0729956,0.0735424,0.0742267,0.0747809,0.0749845,
0.0740157,0.0735739,0.0723698,0.0709028,0.0697418,0.0693029,0.0697418,0.0709028,0.0723698,0.0735739,0.0740157,
0.0727314,0.071958,0.0698696,0.0673657,0.0654115,0.0646801,0.0654115,0.0673657,0.0698696,0.071958,0.0727314,
0.0710979,0.0699172,0.0667729,0.0630761,0.0602436,0.0591957,0.0602436,0.0630761,0.0667729,0.0699172,0.0710979,
0.0691551,0.0675016,0.0631697,0.058195,0.0544683,0.053109,0.0544683,0.058195,0.0631697,0.0675016,0.0691551,
0.0669404,0.0647674,0.0591789,0.0529325,0.0483755,0.0467404,0.0483755,0.0529325,0.0591789,0.0647674,0.0669404,
0.0645247,0.0618075,0.0549602,0.0475347,0.0422768,0.0404251,0.0422768,0.0475347,0.0549602,0.0618075,0.0645247,
0.0622514,0.0590359,0.0510924,0.0427228,0.0369653,0.034974,0.0369653,0.0427228,0.0510924,0.0590359,0.0622514,
0.0608049,0.0572743,0.0486848,0.0398163,0.0338366,0.0317939,0.0338366,0.0398163,0.0486848,0.0572743,0.0608049,

0.0872059,
0.0860881,0.0860112,0.0858035,0.085543,0.0853329,0.0852521,0.0853329,0.085543,0.0858035,0.0860112,0.0860881,
0.0853188,0.0852581,0.0851043,0.0849111,0.0847573,0.0846972,0.0847573,0.0849111,0.0851043,0.0852581,0.0853188,
0.0847021,0.0844723,0.0838466,0.0830738,0.0824565,0.0822209,0.0824565,0.0830738,0.0838466,0.0844723,0.0847021,
0.0836022,0.0831061,0.0817499,0.0800972,0.0787895,0.0782951,0.0787895,0.0800972,0.0817499,0.0831061,0.0836022,
0.0821526,0.0812847,0.0789308,0.076108,0.0739054,0.0730808,0.0739054,0.076108,0.0789308,0.0812847,0.0821526,
0.0803045,0.0789804,0.0754367,0.0712697,0.0680773,0.0668962,0.0680773,0.0712697,0.0754367,0.0789804,0.0803045,
0.0781093,0.0762552,0.0713724,0.0657641,0.0615631,0.0600306,0.0615631,0.0657641,0.0713724,0.0762552,0.0781093,
0.0756115,0.0731756,0.0668776,0.0598362,0.0546988,0.0528551,0.0546988,0.0598362,0.0668776,0.0731756,0.0756115,
0.0729064,0.0698633,0.0621534,0.0537869,0.0478598,0.0457714,0.0478598,0.0537869,0.0621534,0.0698633,0.0729064,
0.0703985,0.0668051,0.0578784,0.0484597,0.0419723,0.0397264,0.0419723,0.0484597,0.0578784,0.0668051,0.0703985,
0.0688784,0.0649494,0.0553327,0.0453763,0.0386453,0.036342,0.0386453,0.0453763,0.0553327,0.0649494,0.0688784,

0.10206,
0.100483,0.100384,0.100121,0.0997906,0.0995242,0.0994217,0.0995242,0.0997906,0.100121,0.100384,0.100483,
0.0995292,0.0994578,0.0992791,0.0990545,0.0988759,0.0988059,0.0988759,0.0990545,0.0992791,0.0994578,0.0995292,
0.0988149,0.098547,0.0978178,0.0969167,0.0961972,0.0959224,0.0961972,0.0969167,0.0978178,0.098547,0.0988149,
0.0975229,0.0969486,0.0953731,0.0934526,0.0919334,0.091359,0.0919334,0.0934526,0.0953731,0.0969486,0.0975229,
0.0958341,0.0948304,0.092093,0.0888094,0.0862477,0.0852887,0.0862477,0.0888094,0.092093,0.0948304,0.0958341,
0.0936731,0.0921439,0.0880234,0.0831773,0.0794651,0.0780916,0.0794651,0.0831773,0.0880234,0.0921439,0.0936731,
0.0911123,0.0889718,0.0832935,0.0767699,0.0718836,0.0701008,0.0718836,0.0767699,0.0832935,0.0889718,0.0911123,
0.0882075,0.0853971,0.0780757,0.0698865,0.0639106,0.0617653,0.0639106,0.0698865,0.0780757,0.0853971,0.0882075,
0.0850961,0.0815904,0.0726398,0.0629169,0.0560234,0.0535928,0.0560234,0.0629169,0.0726398,0.0815904,0.0850961,
0.0822695,0.078142,0.0678068,0.0568797,0.0493393,0.0467254,0.0493393,0.0568797,0.0678068,0.078142,0.0822695,
0.0806619,0.0761725,0.0650896,0.0535728,0.0457593,0.0430791,0.0457593,0.0535728,0.0650896,0.0761725,0.0806619,

0.113425,
0.111439,0.111324,0.111016,0.110629,0.110318,0.110198,0.110318,0.110629,0.111016,0.111324,0.111439,
0.11034,0.11026,0.110062,0.109814,0.109617,0.109539,0.109617,0.109814,0.110062,0.11026,0.11034,
0.109552,0.109255,0.108447,0.107449,0.106652,0.106347,0.106652,0.107449,0.108447,0.109255,0.109552,
0.108112,0.107479,0.105738,0.103615,0.101936,0.101301,0.101936,0.103615,0.105738,0.107479,0.108112,
0.106242,0.105136,0.102109,0.0984766,0.0956432,0.0945823,0.0956432,0.0984766,0.102109,0.105136,0.106242,
0.103842,0.10216,0.0976029,0.0922431,0.0881378,0.0866187,0.0881378,0.0922431,0.0976029,0.10216,0.103842,
0.101005,0.0986502,0.0923704,0.0851543,0.0797494,0.0777771,0.0797494,0.0851543,0.0923704,0.0986502,0.101005,
0.0977945,0.0947047,0.0866106,0.0775538,0.0709435,0.0685699,0.0709435,0.0775538,0.0866106,0.0947047,0.0977945,
0.0943853,0.0905359,0.0806513,0.0699048,0.0622807,0.059591,0.0622807,0.0699048,0.0806513,0.0905359,0.0943853,
0.0913326,0.0868099,0.0754186,0.063356,0.0550203,0.0521277,0.0550203,0.063356,0.0754186,0.0868099,0.0913326,
0.0896702,0.0847675,0.0725883,0.059899,0.0512684,0.0483029,0.0512684,0.059899,0.0725883,0.0847675,0.0896702,

0.13192,
0.129165,0.12902,0.128636,0.128154,0.127766,0.127616,0.127766,0.128154,0.128636,0.12902,0.129165,
0.127819,0.127726,0.127499,0.127212,0.126985,0.126895,0.126985,0.127212,0.127499,0.127726,0.127819,
0.126914,0.12657,0.125636,0.12448,0.123558,0.123206,0.123558,0.12448,0.125636,0.12657,0.126914,
0.125234,0.124507,0.1225,0.120053,0.118118,0.117386,0.118118,0.120053,0.1225,0.124507,0.125234,
0.123072,0.121803,0.118309,0.114117,0.110847,0.109622,0.110847,0.114117,0.118309,0.121803,0.123072,
0.120285,0.118358,0.113101,0.106916,0.102179,0.100426,0.102179,0.106916,0.113101,0.118358,0.120285,
0.117004,0.114309,0.107064,0.0987356,0.0924972,0.0902202,0.0924972,0.0987356,0.107064,0.114309,0.117004,
0.113308,0.109776,0.100444,0.0899953,0.0823659,0.079625,0.0823659,0.0899953,0.100444,0.109776,0.113308,
0.109439,0.105048,0.0936717,0.0812861,0.0724888,0.0693824,0.0724888,0.0812861,0.0936717,0.105048,0.109439,
0.106048,0.100906,0.0878342,0.0739578,0.0643465,0.0610058,0.0643465,0.0739578,0.0878342,0.100906,0.106048,
0.104312,0.0987634,0.0848439,0.0702839,0.0603433,0.0569188,0.0603433,0.0702839,0.0848439,0.0987634,0.104312,

0.139304,
0.136206,0.136048,0.135633,0.135113,0.134693,0.134531,0.134693,0.135113,0.135633,0.136048,0.136206,
0.13476,0.134661,0.134422,0.13412,0.133881,0.133786,0.133881,0.13412,0.134422,0.134661,0.13476,
0.133808,0.133445,0.132461,0.131244,0.130272,0.129901,0.130272,0.131244,0.132461,0.133445,0.133808,
0.132032,0.131268,0.129156,0.126581,0.124545,0.123775,0.124545,0.126581,0.129156,0.131268,0.132032,
0.129755,0.128422,0.124744,0.12033,0.116887,0.115598,0.116887,0.12033,0.124744,0.128422,0.129755,
0.126814,0.124791,0.119258,0.112747,0.107761,0.105916,0.107761,0.112747,0.119258,0.124791,0.126814,
0.123358,0.120531,0.112904,0.104137,0.0975695,0.0951721,0.0975695,0.104137,0.112904,0.120531,0.123358,
0.119473,0.115769,0.105949,0.0949515,0.0869198,0.0840338,0.0869198,0.0949515,0.105949,0.115769,0.119473,
0.115429,0.110828,0.0988652,0.0858343,0.0765742,0.073303,0.0765742,0.0858343,0.0988652,0.110828,0.115429,
0.111912,0.10653,0.0928008,0.0782117,0.0680975,0.0645797,0.0680975,0.0782117,0.0928008,0.10653,0.111912,
0.110151,0.104353,0.0897528,0.0744583,0.0640013,0.0603955,0.0640013,0.0744583,0.0897528,0.104353,0.110151,

0.152325,
0.14857,0.148391,0.14792,0.147328,0.146852,0.146668,0.146852,0.147328,0.14792,0.148391,0.14857,
0.146944,0.146836,0.146576,0.146248,0.145988,0.145885,0.145988,0.146248,0.146576,0.146836,0.146944,
0.145911,0.145516,0.144444,0.143118,0.142061,0.141656,0.142061,0.143118,0.144444,0.145516,0.145911,
0.143966,0.143137,0.140843,0.138045,0.135832,0.134995,0.135832,0.138045,0.140843,0.143137,0.143966,
0.141487,0.140043,0.136043,0.131242,0.127497,0.126095,0.127497,0.131242,0.136043,0.140043,0.141487,
0.138276,0.136087,0.130071,0.122991,0.11757,0.115563,0.11757,0.122991,0.130071,0.136087,0.138276,
0.134516,0.131459,0.123167,0.113633,0.10649,0.103882,0.10649,0.113633,0.123167,0.131459,0.134516,
0.130304,0.126303,0.115633,0.103676,0.0949415,0.0918019,0.0949415,0.103676,0.115633,0.126303,0.130304,
0.125962,0.120998,0.108016,0.0938604,0.0837918,0.0802326,0.0837918,0.0938604,0.108016,0.120998,0.125962,
0.122236,0.116442,0.10157,0.0857405,0.0747485,0.070921,0.0747485,0.0857405,0.10157,0.116442,0.122236,
0.120435,0.114208,0.0984272,0.0818543,0.070496,0.066573,0.070496,0.0818543,0.0984272,0.114208,0.120435,

0.165441,
0.16096,0.160759,0.16023,0.159566,0.159032,0.158825,0.159032,0.159566,0.16023,0.160759,0.16096,
0.159151,0.159033,0.158753,0.158398,0.158118,0.158006,0.158118,0.158398,0.158753,0.159033,0.159151,
0.158036,0.157609,0.15645,0.155016,0.153871,0.153433,0.153871,0.155016,0.15645,0.157609,0.158036,
0.155922,0.155029,0.152552,0.149532,0.147144,0.14624,0.147144,0.149532,0.152552,0.155029,0.155922,
0.153241,0.151687,0.147365,0.142179,0.138134,0.136619,0.138134,0.142179,0.147365,0.151687,0.153241,
0.14976,0.147407,0.14091,0.133264,0.127409,0.125241,0.127409,0.133264,0.14091,0.147407,0.14976,
0.145699,0.142415,0.133462,0.123164,0.115448,0.11263,0.115448,0.123164,0.133462,0.142415,0.145699,
0.141167,0.136872,0.125358,0.112449,0.103014,0.0996215,0.103014,0.112449,0.125358,0.136872,0.141167,
0.136539,0.13122,0.117228,0.101955,0.0910817,0.0872354,0.0910817,0.101955,0.117228,0.13122,0.136539,
0.132616,0.12642,0.11042,0.0933598,0.0814949,0.0773589,0.0814949,0.0933598,0.11042,0.12642,0.132616,
0.13078,0.124134,0.107187,0.0893476,0.0770928,0.0728536,0.0770928,0.0893476,0.107187,0.124134,0.13078,

0.178297,
0.173041,0.172817,0.172231,0.171495,0.170902,0.170673,0.170902,0.171495,0.172231,0.172817,0.173041,
0.171049,0.170922,0.170622,0.170241,0.169941,0.169822,0.169941,0.170241,0.170622,0.170922,0.171049,
0.169856,0.169397,0.168154,0.166614,0.165386,0.164915,0.165386,0.166614,0.168154,0.169397,0.169856,
0.167575,0.16662,0.163968,0.160732,0.158174,0.157206,0.158174,0.160732,0.163968,0.16662,0.167575,
0.164699,0.163039,0.158406,0.152846,0.148509,0.146885,0.148509,0.152846,0.158406,0.163039,0.164699,
0.160956,0.158445,0.151482,0.143288,0.137012,0.134688,0.137012,0.143288,0.151482,0.158445,0.160956,
0.156606,0.153104,0.14351,0.132472,0.124201,0.121179,0.124201,0.132472,0.14351,0.153104,0.156606,
0.151768,0.147194,0.134863,0.121033,0.11092,0.107282,0.11092,0.121033,0.134863,0.147194,0.151768,
0.146874,0.141216,0.126251,0.109899,0.0982461,0.0941214,0.0982461,0.109899,0.126251,0.141216,0.146874,
0.142771,0.136192,0.119107,0.100861,0.088151,0.0837158,0.088151,0.100861,0.119107,0.136192,0.142771,
0.140903,0.13386,0.115793,0.0967306,0.0836083,0.0790624,0.0836083,0.0967306,0.115793,0.13386,0.140903,

0.191469,
0.185354,0.185106,0.18446,0.183649,0.182996,0.182743,0.182996,0.183649,0.18446,0.185106,0.185354,
0.183172,0.183035,0.182715,0.182308,0.181988,0.181861,0.181988,0.182308,0.182715,0.183035,0.183172,
0.181899,0.181409,0.180079,0.178432,0.177119,0.176616,0.177119,0.178432,0.180079,0.181409,0.181899,
0.179448,0.178431,0.1756,0.172146,0.169417,0.168383,0.169417,0.172146,0.1756,0.178431,0.179448,
0.176375,0.174607,0.169659,0.16372,0.159088,0.157353,0.159088,0.16372,0.169659,0.174607,0.176375,
0.172365,0.169695,0.162262,0.153511,0.14681,0.144328,0.14681,0.153511,0.162262,0.169695,0.172365,
0.167726,0.164005,0.153763,0.141977,0.133142,0.129915,0.133142,0.141977,0.153763,0.164005,0.167726,
0.162584,0.157729,0.144576,0.129813,0.119014,0.115127,0.119014,0.129813,0.144576,0.157729,0.162584,
0.15743,0.151434,0.135489,0.118047,0.105606,0.101199,0.105606,0.118047,0.135489,0.151434,0.15743,
0.153155,0.146195,0.128019,0.108577,0.0950135,0.0902752,0.0950135,0.108577,0.128019,0.146195,0.153155,
0.151259,0.14382,0.124626,0.104332,0.0903316,0.0854748,0.0903316,0.104332,0.124626,0.14382,0.151259,

0.204103,
0.197103,0.196832,0.196129,0.195244,0.194533,0.194258,0.194533,0.195244,0.196129,0.196832,0.197103,
0.194738,0.194592,0.194253,0.193821,0.193483,0.193347,0.193483,0.193821,0.194253,0.194592,0.194738,
0.19339,0.192869,0.191457,0.189709,0.188316,0.187781,0.188316,0.189709,0.191457,0.192869,0.19339,
0.190776,0.1897,0.1867,0.18304,0.180148,0.179052,0.180148,0.18304,0.1867,0.1897,0.190776,
0.187516,0.185646,0.1804,0.174101,0.169189,0.167348,0.169189,0.174101,0.1804,0.185646,0.187516,
0.183253,0.180433,0.172554,0.163277,0.156172,0.15354,0.156172,0.163277,0.172554,0.180433,0.183253,
0.178342,0.174416,0.163561,0.151065,0.141697,0.138273,0.141697,0.151065,0.163561,0.174416,0.178342,
0.172918,0.167801,0.153869,0.138225,0.126774,0.122652,0.126774,0.138225,0.153869,0.167801,0.172918,
0.167527,0.161216,0.144346,0.125874,0.112686,0.108011,0.112686,0.125874,0.144346,0.161216,0.167527,
0.163098,0.155783,0.136581,0.116009,0.101636,0.0966103,0.101636,0.116009,0.136581,0.155783,0.163098,
0.161176,0.153369,0.133114,0.111656,0.0968248,0.0916729,0.0968248,0.111656,0.133114,0.153369,0.161176,

0.218268,
0.210204,0.209907,0.209138,0.208172,0.207394,0.207093,0.207394,0.208172,0.209138,0.209907,0.210204,
0.207632,0.207476,0.207116,0.206657,0.206298,0.206153,0.206298,0.206657,0.207116,0.207476,0.207632,
0.2062,0.205646,0.204143,0.202283,0.2008,0.200231,0.2008,0.202283,0.204143,0.205646,0.2062,
0.203406,0.202264,0.199077,0.195188,0.192116,0.190951,0.192116,0.195188,0.199077,0.202264,0.203406,
0.199939,0.197956,0.192379,0.185682,0.180459,0.178502,0.180459,0.185682,0.192379,0.197956,0.199939,
0.195396,0.192411,0.184037,0.174178,0.166625,0.163827,0.166625,0.174178,0.184037,0.192411,0.195396,
0.190187,0.186036,0.174503,0.161222,0.151262,0.147621,0.151262,0.161222,0.174503,0.186036,0.190187,
0.184457,0.179053,0.164263,0.147643,0.135472,0.131088,0.135472,0.147643,0.164263,0.179053,0.184457,
0.178815,0.172159,0.15427,0.134661,0.120646,0.115674,0.120646,0.134661,0.15427,0.172159,0.178815,
0.174224,0.166522,0.146191,0.124374,0.109106,0.103761,0.109106,0.124374,0.146191,0.166522,0.174224,
0.172277,0.164068,0.142647,0.119905,0.104153,0.0986739,0.104153,0.119905,0.142647,0.164068,0.172277,

0.228612,
0.219724,0.219408,0.218591,0.217564,0.216738,0.216418,0.216738,0.217564,0.218591,0.219408,0.219724,
0.217001,0.216838,0.216462,0.215983,0.215609,0.215458,0.215609,0.215983,0.216462,0.216838,0.217001,
0.215509,0.214929,0.213361,0.211419,0.209872,0.209278,0.209872,0.211419,0.213361,0.214929,0.215509,
0.212582,0.211393,0.208071,0.204018,0.200815,0.199601,0.200815,0.204018,0.208071,0.211393,0.212582,
0.208966,0.206903,0.201086,0.194101,0.188654,0.186612,0.188654,0.194101,0.201086,0.206903,0.208966,
0.204221,0.201118,0.192388,0.182107,0.174232,0.171314,0.174232,0.182107,0.192388,0.201118,0.204221,
0.198801,0.194488,0.182466,0.168619,0.158231,0.154433,0.158231,0.168619,0.182466,0.194488,0.198801,
0.192855,0.187244,0.171836,0.154514,0.141822,0.13725,0.141822,0.154514,0.171836,0.187244,0.192855,
0.187037,0.180135,0.161514,0.141086,0.126474,0.121288,0.126474,0.141086,0.161514,0.180135,0.187037,
0.182335,0.174357,0.153217,0.130504,0.11459,0.109015,0.11459,0.130504,0.153217,0.174357,0.182335,
0.180371,0.171876,0.149618,0.125952,0.109536,0.10382,0.109536,0.125952,0.149618,0.171876,0.180371,

0.244992,
0.234718,0.234372,0.233478,0.232354,0.231451,0.231101,0.231451,0.232354,0.233478,0.234372,0.234718,
0.231754,0.231579,0.231179,0.23067,0.230271,0.230111,0.230271,0.23067,0.231179,0.231579,0.231754,
0.230166,0.229549,0.227878,0.225808,0.224159,0.223526,0.224159,0.225808,0.227878,0.229549,0.230166,
0.227032,0.22577,0.222237,0.217926,0.214519,0.213228,0.214519,0.217926,0.222237,0.22577,0.227032,
0.223184,0.220995,0.214803,0.207369,0.20157,0.199396,0.20157,0.207369,0.214803,0.220995,0.223184,
0.218125,0.214837,0.20555,0.194612,0.186231,0.183125,0.186231,0.194612,0.20555,0.214837,0.218125,
0.212379,0.207815,0.195029,0.180296,0.16924,0.165197,0.16924,0.180296,0.195029,0.207815,0.212379,
0.206102,0.200174,0.183802,0.165383,0.151877,0.147009,0.151877,0.165383,0.183802,0.200174,0.206102,
0.200021,0.19274,0.17298,0.151275,0.13573,0.130208,0.13573,0.151275,0.17298,0.19274,0.200021,
0.195153,0.186752,0.164353,0.140244,0.123322,0.117386,0.123322,0.140244,0.164353,0.186752,0.195153,
0.193166,0.184231,0.160673,0.135567,0.118112,0.112025,0.118112,0.135567,0.160673,0.184231,0.193166,

0.254331,
0.243221,0.242858,0.241921,0.240742,0.239794,0.239427,0.239794,0.240742,0.241921,0.242858,0.243221,
0.24012,0.239938,0.239525,0.238999,0.238587,0.23842,0.238587,0.238999,0.239525,0.239938,0.24012,
0.238479,0.23784,0.236111,0.23397,0.232263,0.231608,0.232263,0.23397,0.236111,0.23784,0.238479,
0.235228,0.233924,0.230272,0.225816,0.222294,0.220959,0.222294,0.225816,0.230272,0.233924,0.235228,
0.231249,0.22899,0.222587,0.214898,0.208901,0.206652,0.208901,0.214898,0.222587,0.22899,0.231249,
0.226013,0.222623,0.213022,0.201713,0.193047,0.189836,0.193047,0.201713,0.213022,0.222623,0.226013,
0.220087,0.215382,0.202167,0.186936,0.175503,0.171321,0.175503,0.186936,0.202167,0.215382,0.220087,
0.213628,0.207522,0.19061,0.171574,0.15761,0.152575,0.15761,0.171574,0.19061,0.207522,0.213628,
0.207405,0.199912,0.179514,0.157091,0.141021,0.135309,0.141021,0.157091,0.179514,0.199912,0.207405,
0.202448,0.193812,0.170708,0.145816,0.128326,0.122187,0.128326,0.145816,0.170708,0.193812,0.202448,
0.20045,0.19127,0.166983,0.141068,0.123029,0.116733,0.123029,0.141068,0.166983,0.19127,0.20045,

0.270019,
0.257435,0.257043,0.256032,0.25476,0.253738,0.253342,0.253738,0.25476,0.256032,0.257043,0.257435,
0.254103,0.25391,0.253474,0.252919,0.252485,0.25231,0.252485,0.252919,0.253474,0.25391,0.254103,
0.252373,0.251698,0.249873,0.247611,0.24581,0.245118,0.24581,0.247611,0.249873,0.251698,0.252373,
0.248926,0.247554,0.243704,0.239007,0.235295,0.233887,0.235295,0.239007,0.243704,0.247554,0.248926,
0.244732,0.242355,0.235602,0.227492,0.221165,0.218792,0.221165,0.227492,0.235602,0.242355,0.244732,
0.239204,0.235644,0.225523,0.213599,0.20446,0.201072,0.20446,0.213599,0.225523,0.235644,0.239204,
0.232984,0.228048,0.214121,0.198063,0.186003,0.181591,0.186003,0.198063,0.214121,0.228048,0.232984,
0.226229,0.219832,0.202025,0.181967,0.167242,0.16193,0.167242,0.181967,0.202025,0.219832,0.226229,
0.219779,0.21194,0.190487,0.166876,0.149933,0.143907,0.149933,0.166876,0.190487,0.21194,0.219779,
0.214682,0.20566,0.181394,0.155205,0.136773,0.130296,0.136773,0.155205,0.181394,0.20566,0.214682,
0.212666,0.203086,0.177596,0.150342,0.131332,0.124689,0.131332,0.150342,0.177596,0.203086,0.212666,

0.279892,
0.266335,0.265924,0.264867,0.263537,0.262467,0.262053,0.262467,0.263537,0.264867,0.265924,0.266335,
0.262857,0.262657,0.262208,0.261634,0.261187,0.261005,0.261187,0.261634,0.262208,0.262657,0.262857,
0.261071,0.260374,0.258489,0.256153,0.254293,0.253578,0.254293,0.256153,0.258489,0.260374,0.261071,
0.257503,0.256089,0.252116,0.247268,0.243437,0.241985,0.243437,0.247268,0.252116,0.256089,0.257503,
0.253175,0.250726,0.243755,0.235383,0.22885,0.226401,0.22885,0.235383,0.243755,0.250726,0.253175,
0.247468,0.243802,0.233358,0.221052,0.211618,0.208121,0.211618,0.221052,0.233358,0.243802,0.247468,
0.241068,0.235989,0.22162,0.205048,0.192599,0.188043,0.192599,0.205048,0.22162,0.235989,0.241068,
0.234133,0.227557,0.209195,0.188503,0.173305,0.167821,0.173305,0.188503,0.209195,0.227557,0.234133,
0.227548,0.219495,0.197389,0.173041,0.155557,0.149335,0.155557,0.173041,0.197389,0.219495,0.227548,
0.222368,0.213108,0.188123,0.161131,0.142114,0.135427,0.142114,0.161131,0.188123,0.213108,0.222368,
0.220343,0.210517,0.184283,0.156199,0.136585,0.129725,0.136585,0.156199,0.184283,0.210517,0.220343,

0.293971,
0.278964,0.278527,0.277404,0.27599,0.274854,0.274414,0.274854,0.27599,0.277404,0.278527,0.278964,
0.275279,0.27507,0.2746,0.274002,0.273535,0.273345,0.273535,0.274002,0.2746,0.27507,0.275279,
0.273415,0.272687,0.270717,0.268276,0.266331,0.265584,0.266331,0.268276,0.270717,0.272687,0.273415,
0.269675,0.268201,0.264055,0.258996,0.254998,0.253482,0.254998,0.258996,0.264055,0.268201,0.269675,
0.26516,0.26261,0.255331,0.246589,0.239766,0.237208,0.239766,0.246589,0.255331,0.26261,0.26516,
0.259201,0.255387,0.244488,0.231644,0.221795,0.218143,0.221795,0.231644,0.244488,0.255387,0.259201,
0.252553,0.247273,0.232282,0.214987,0.201988,0.19723,0.201988,0.214987,0.232282,0.247273,0.252553,
0.245371,0.238543,0.219402,0.197817,0.181952,0.176225,0.181952,0.197817,0.219402,0.238543,0.245371,
0.238601,0.230251,0.207228,0.181844,0.163595,0.157097,0.163595,0.181844,0.207228,0.230251,0.238601,
0.233308,0.223719,0.197726,0.169605,0.149763,0.14278,0.149763,0.169605,0.197726,0.223719,0.233308,
0.231273,0.221104,0.193826,0.164575,0.14411,0.136945,0.14411,0.164575,0.193826,0.221104,0.231273,

0.305766,
0.28949,0.289031,0.287852,0.286369,0.285177,0.284714,0.285177,0.286369,0.287852,0.289031,0.28949,
0.285631,0.285414,0.284929,0.284309,0.283826,0.283629,0.283826,0.284309,0.284929,0.285414,0.285631,
0.283703,0.282948,0.280909,0.27838,0.276367,0.275592,0.276367,0.27838,0.280909,0.282948,0.283703,
0.27982,0.278297,0.274008,0.268774,0.264637,0.263068,0.264637,0.268774,0.274008,0.278297,0.27982,
0.275153,0.272518,0.264984,0.255936,0.248874,0.246225,0.248874,0.255936,0.264984,0.272518,0.275153,
0.268986,0.265051,0.253775,0.240486,0.230293,0.226514,0.230293,0.240486,0.253775,0.265051,0.268986,
0.262136,0.256692,0.241188,0.223294,0.20984,0.204915,0.20984,0.223294,0.241188,0.256692,0.262136,
0.254756,0.247721,0.227938,0.205615,0.189199,0.18327,0.189199,0.205615,0.227938,0.247721,0.254756,
0.24784,0.239245,0.215468,0.189228,0.170348,0.163621,0.170348,0.189228,0.215468,0.239245,0.24784,
0.242458,0.232599,0.205776,0.176723,0.1562,0.148971,0.1562,0.176723,0.205776,0.232599,0.242458,
0.240416,0.229966,0.201829,0.171614,0.150446,0.143027,0.150446,0.171614,0.201829,0.229966,0.240416,

0.322759,
0.304568,0.304077,0.302819,0.301235,0.299963,0.299469,0.299963,0.301235,0.302819,0.304077,0.304568,
0.300461,0.300232,0.299723,0.299074,0.298568,0.298362,0.298568,0.299074,0.299723,0.300232,0.300461,
0.298441,0.297649,0.29551,0.292857,0.290745,0.289932,0.290745,0.292857,0.29551,0.297649,0.298441,
0.294356,0.292763,0.28827,0.282787,0.278453,0.27681,0.278453,0.282787,0.28827,0.292763,0.294356,
0.289472,0.286718,0.278823,0.269339,0.261936,0.259159,0.261936,0.269339,0.278823,0.286718,0.289472,
0.283015,0.278908,0.267098,0.253176,0.242495,0.238534,0.242495,0.253176,0.267098,0.278908,0.283015,
0.275886,0.270209,0.253977,0.235233,0.221133,0.215969,0.221133,0.235233,0.253977,0.270209,0.275886,
0.26823,0.260906,0.240212,0.216844,0.199644,0.193429,0.199644,0.216844,0.240212,0.260906,0.26823,
0.261116,0.252179,0.227334,0.199882,0.180104,0.173051,0.180104,0.199882,0.227334,0.252179,0.261116,
0.255614,0.245376,0.217382,0.18701,0.165519,0.157941,0.165519,0.18701,0.217382,0.245376,0.255614,
0.253566,0.242722,0.21337,0.18179,0.159622,0.151843,0.159622,0.18179,0.21337,0.242722,0.253566,

0.330593,
0.311484,0.310979,0.309684,0.308055,0.306745,0.306237,0.306745,0.308055,0.309684,0.310979,0.311484,
0.307263,0.307029,0.30651,0.305847,0.305331,0.30512,0.305331,0.305847,0.30651,0.307029,0.307263,
0.305201,0.304393,0.302208,0.299499,0.297341,0.296512,0.297341,0.299499,0.302208,0.304393,0.305201,
0.301024,0.2994,0.294814,0.289218,0.284794,0.283117,0.284794,0.289218,0.294814,0.2994,0.301024,
0.296044,0.293235,0.285175,0.275493,0.267934,0.265099,0.267934,0.275493,0.285175,0.293235,0.296044,
0.289455,0.28527,0.273217,0.259008,0.248103,0.24406,0.248103,0.259008,0.273217,0.28527,0.289455,
0.282202,0.27642,0.259856,0.240726,0.226331,0.221058,0.226331,0.240726,0.259856,0.27642,0.282202,
0.274424,0.266968,0.245862,0.222019,0.204461,0.198116,0.204461,0.222019,0.245862,0.266968,0.274424,
0.267223,0.258132,0.232802,0.204799,0.184612,0.177411,0.184612,0.204799,0.232802,0.258132,0.267223,
0.261669,0.25126,0.222735,0.191764,0.169833,0.162095,0.169833,0.191764,0.222735,0.25126,0.261669,
0.259619,0.248598,0.218695,0.186495,0.163871,0.155927,0.163871,0.186495,0.218695,0.248598,0.259619,

0.343503,
0.322837,0.322308,0.320953,0.319247,0.317877,0.317346,0.317877,0.319247,0.320953,0.322308,0.322837,
0.318428,0.318186,0.317649,0.316964,0.316431,0.316213,0.316431,0.316964,0.317649,0.318186,0.318428,
0.316299,0.315463,0.313203,0.310402,0.308171,0.307313,0.308171,0.310402,0.313203,0.315463,0.316299,
0.311971,0.310295,0.305558,0.299777,0.295207,0.293474,0.295207,0.299777,0.305558,0.310295,0.311971,
0.306833,0.303937,0.295608,0.285602,0.277789,0.274858,0.277789,0.285602,0.295608,0.303937,0.306833,
0.300033,0.295721,0.283272,0.268593,0.257325,0.253146,0.257325,0.268593,0.283272,0.295721,0.300033,
0.292581,0.286627,0.269524,0.249764,0.234888,0.229438,0.234888,0.249764,0.269524,0.286627,0.292581,
0.284608,0.27694,0.25516,0.230543,0.212404,0.205845,0.212404,0.230543,0.25516,0.27694,0.284608,
0.27727,0.267928,0.241811,0.212911,0.192057,0.184614,0.192057,0.212911,0.241811,0.267928,0.27727,
0.271634,0.260949,0.231561,0.199615,0.176965,0.168967,0.176965,0.199615,0.231561,0.260949,0.271634,
0.269583,0.258275,0.227476,0.194265,0.170898,0.162686,0.170898,0.194265,0.227476,0.258275,0.269583,

0.356656,
0.334342,0.33379,0.332374,0.330591,0.329159,0.328604,0.329159,0.330591,0.332374,0.33379,0.334342,
0.329743,0.329493,0.328939,0.328232,0.327681,0.327456,0.327681,0.328232,0.328939,0.329493,0.329743,
0.327546,0.326684,0.324349,0.321454,0.319149,0.318262,0.319149,0.321454,0.324349,0.326684,0.327546,
0.323069,0.321341,0.316451,0.310484,0.305767,0.303978,0.305767,0.310484,0.316451,0.321341,0.323069,
0.317774,0.314789,0.30619,0.295859,0.287789,0.284762,0.287789,0.295859,0.30619,0.314789,0.317774,
0.310764,0.306324,0.293478,0.278327,0.266693,0.262378,0.266693,0.278327,0.293478,0.306324,0.310764,
0.303115,0.296991,0.279347,0.258953,0.243593,0.237964,0.243593,0.258953,0.279347,0.296991,0.303115,
0.294952,0.287071,0.264618,0.239224,0.220499,0.213726,0.220499,0.239224,0.264618,0.287071,0.294952,
0.287483,0.277891,0.250984,0.221184,0.19966,0.191974,0.19966,0.221184,0.250984,0.277891,0.287483,
0.281767,0.270807,0.240556,0.207632,0.184259,0.176,0.184259,0.207632,0.240556,0.270807,0.281767,
0.279718,0.268123,0.236428,0.202203,0.178087,0.169605,0.178087,0.202203,0.236428,0.268123,0.279718,

0.369352,
0.345393,0.344817,0.343342,0.341486,0.339995,0.339416,0.339995,0.341486,0.343342,0.344817,0.345393,
0.340611,0.340353,0.339783,0.339054,0.338487,0.338256,0.338487,0.339054,0.339783,0.340353,0.340611,
0.33835,0.337461,0.335055,0.332072,0.329695,0.328781,0.329695,0.332072,0.335055,0.337461,0.33835,
0.33373,0.331952,0.326918,0.320774,0.315915,0.314073,0.315915,0.320774,0.326918,0.331952,0.33373,
0.328288,0.325219,0.316362,0.30572,0.297407,0.294288,0.297407,0.30572,0.316362,0.325219,0.328288,
0.32108,0.31652,0.303294,0.287694,0.275711,0.271266,0.275711,0.287694,0.303294,0.31652,0.32108,
0.31325,0.306963,0.288803,0.267807,0.251985,0.246186,0.251985,0.267807,0.288803,0.306963,0.31325,
0.30491,0.296828,0.273735,0.2476,0.228317,0.221339,0.228317,0.2476,0.273735,0.296828,0.30491,
0.29732,0.287492,0.259837,0.22918,0.207018,0.199098,0.207018,0.22918,0.259837,0.287492,0.29732,
0.291532,0.280313,0.249242,0.215388,0.191327,0.182819,0.191327,0.215388,0.249242,0.280313,0.291532,
0.289487,0.277621,0.245075,0.209885,0.185056,0.176316,0.185056,0.209885,0.245075,0.277621,0.289487,

0.382687,
0.356941,0.356341,0.354805,0.352872,0.351318,0.350715,0.351318,0.352872,0.354805,0.356341,0.356941,
0.351969,0.351702,0.351115,0.350364,0.34978,0.349542,0.34978,0.350364,0.351115,0.351702,0.351969,
0.349642,0.348726,0.346245,0.34317,0.34072,0.339777,0.34072,0.34317,0.346245,0.348726,0.349642,
0.344873,0.343045,0.33786,0.331532,0.326528,0.32463,0.326528,0.331532,0.33786,0.343045,0.344873,
0.339281,0.336125,0.327001,0.316037,0.30747,0.304256,0.30747,0.316037,0.327001,0.336125,0.339281,
0.331871,0.327186,0.313569,0.297502,0.285158,0.280578,0.285158,0.297502,0.313569,0.327186,0.331871,
0.323858,0.317403,0.298711,0.277089,0.260789,0.254813,0.260789,0.277089,0.298711,0.317403,0.323858,
0.31534,0.30705,0.283295,0.256396,0.236534,0.229344,0.236534,0.256396,0.283295,0.30705,0.31534,
0.307631,0.29756,0.269131,0.237589,0.214763,0.206602,0.214763,0.237589,0.269131,0.29756,0.307631,
0.301772,0.290285,0.258369,0.223553,0.198779,0.190011,0.198779,0.223553,0.258369,0.290285,0.301772,
0.299732,0.287588,0.254163,0.217975,0.192406,0.183397,0.192406,0.217975,0.254163,0.287588,0.299732,

0.395015,
0.367563,0.366941,0.365349,0.363344,0.361734,0.361109,0.361734,0.363344,0.365349,0.366941,0.367563,
0.362416,0.362142,0.361539,0.360768,0.360169,0.359924,0.360169,0.360768,0.361539,0.362142,0.362416,
0.36003,0.359089,0.35654,0.35338,0.350863,0.349895,0.350863,0.35338,0.35654,0.359089,0.36003,
0.355127,0.353253,0.34793,0.341434,0.336297,0.334348,0.336297,0.341434,0.34793,0.353253,0.355127,
0.3494,0.346164,0.336796,0.325538,0.31674,0.313439,0.31674,0.325538,0.336796,0.346164,0.3494,
0.341808,0.33701,0.323034,0.306543,0.293868,0.289165,0.293868,0.306543,0.323034,0.33701,0.341808,
0.333631,0.327024,0.307846,0.285655,0.268918,0.26278,0.268918,0.285655,0.307846,0.327024,0.333631,
0.324955,0.316478,0.292121,0.264524,0.244134,0.23675,0.244134,0.264524,0.292121,0.316478,0.324955,
0.317143,0.306852,0.277719,0.24537,0.22194,0.213558,0.22194,0.24537,0.277719,0.306852,0.317143,
0.311221,0.299493,0.266808,0.231117,0.205692,0.196688,0.205692,0.231117,0.266808,0.299493,0.311221,
0.309188,0.296793,0.262569,0.225471,0.199227,0.189973,0.199227,0.225471,0.262569,0.296793,0.309188,

0.409228,
0.379749,0.379102,0.377445,0.375359,0.373683,0.373033,0.373683,0.375359,0.377445,0.379102,0.379749,
0.374402,0.374119,0.373499,0.372705,0.372088,0.371835,0.372088,0.372705,0.373499,0.374119,0.374402,
0.371948,0.370979,0.368353,0.365097,0.362504,0.361506,0.362504,0.365097,0.368353,0.370979,0.371948,
0.366894,0.364967,0.359487,0.352801,0.347512,0.345505,0.347512,0.352801,0.359487,0.364967,0.366894,
0.361015,0.35769,0.348044,0.336452,0.327389,0.323989,0.327389,0.336452,0.348044,0.35769,0.361015,
0.35322,0.348293,0.333911,0.316936,0.303886,0.299042,0.303886,0.316936,0.333911,0.348293,0.35322,
0.344863,0.338084,0.318354,0.295515,0.27828,0.271958,0.27828,0.295515,0.318354,0.338084,0.344863,
0.336013,0.327323,0.302283,0.273893,0.252902,0.245298,0.252902,0.273893,0.302283,0.327323,0.336013,
0.328087,0.317547,0.287617,0.254352,0.230234,0.221601,0.230234,0.254352,0.287617,0.317547,0.328087,
0.322098,0.310098,0.276542,0.239857,0.213691,0.204418,0.213691,0.239857,0.276542,0.310098,0.322098,
0.320076,0.307397,0.272266,0.234136,0.207122,0.197588,0.207122,0.234136,0.272266,0.307397,0.320076,

0.419795,
0.388764,0.388099,0.386394,0.384248,0.382524,0.381855,0.382524,0.384248,0.386394,0.388099,0.388764,
0.38327,0.382981,0.382347,0.381537,0.380907,0.380649,0.380907,0.381537,0.382347,0.382981,0.38327,
0.380767,0.379778,0.377095,0.373769,0.371119,0.370099,0.371119,0.373769,0.377095,0.379778,0.380767,
0.375602,0.373637,0.368043,0.361216,0.355815,0.353767,0.355815,0.361216,0.368043,0.373637,0.375602,
0.369614,0.366223,0.356373,0.344536,0.335279,0.331807,0.335279,0.344536,0.356373,0.366223,0.369614,
0.361672,0.356651,0.341971,0.324642,0.311315,0.306369,0.311315,0.324642,0.341971,0.356651,0.361672,
0.353186,0.346281,0.326147,0.302833,0.285233,0.278776,0.285233,0.302833,0.326147,0.346281,0.353186,
0.344212,0.335367,0.309827,0.280856,0.259424,0.251658,0.259424,0.280856,0.309827,0.335367,0.344212,
0.336207,0.325486,0.294972,0.261036,0.236413,0.227595,0.236413,0.261036,0.294972,0.325486,0.336207,
0.33017,0.317972,0.283779,0.246367,0.219657,0.210186,0.219657,0.246367,0.283779,0.317972,0.33017,
0.328158,0.315271,0.279478,0.24059,0.213012,0.203273,0.213012,0.24059,0.279478,0.315271,0.328158,

0.435303,
0.401932,0.40124,0.399466,0.397232,0.395437,0.394741,0.395437,0.397232,0.399466,0.40124,0.401932,
0.396223,0.395925,0.395272,0.394437,0.393789,0.393523,0.393789,0.394437,0.395272,0.395925,0.396223,
0.39365,0.392631,0.389865,0.386437,0.383705,0.382654,0.383705,0.386437,0.389865,0.392631,0.39365,
0.388326,0.386305,0.380545,0.373515,0.367952,0.365843,0.367952,0.373515,0.380545,0.386305,0.388326,
0.382183,0.378696,0.368552,0.356358,0.346821,0.343243,0.346821,0.356358,0.368552,0.378696,0.382183,
0.374031,0.368875,0.353764,0.335921,0.322194,0.317098,0.322194,0.335921,0.353764,0.368875,0.374031,
0.365365,0.358278,0.337559,0.313558,0.295428,0.288774,0.295428,0.313558,0.337559,0.358278,0.365365,
0.356216,0.347147,0.320885,0.291075,0.269003,0.261002,0.269003,0.291075,0.320885,0.347147,0.356216,
0.348101,0.337119,0.305763,0.270856,0.245501,0.236416,0.245501,0.270856,0.305763,0.337119,0.348101,
0.341999,0.329515,0.294403,0.255939,0.228443,0.218685,0.228443,0.255939,0.294403,0.329515,0.341999,
0.340003,0.326818,0.290068,0.250085,0.221688,0.211651,0.221688,0.250085,0.290068,0.326818,0.340003,

0.445816,
0.410815,0.410105,0.408284,0.405992,0.404149,0.403435,0.404149,0.405992,0.408284,0.410105,0.410815,
0.404962,0.404658,0.403993,0.403142,0.40248,0.402209,0.40248,0.403142,0.403993,0.404658,0.404962,
0.402342,0.401304,0.398483,0.394986,0.3922,0.391128,0.3922,0.394986,0.398483,0.401304,0.402342,
0.396914,0.394855,0.388984,0.381818,0.376147,0.373997,0.376147,0.381818,0.388984,0.394855,0.396914,
0.390669,0.387118,0.376776,0.364345,0.354619,0.35097,0.354619,0.364345,0.376776,0.387118,0.390669,
0.38238,0.377132,0.361733,0.343548,0.329552,0.324357,0.329552,0.343548,0.361733,0.377132,0.38238,
0.373596,0.366387,0.345279,0.320818,0.302333,0.295548,0.302333,0.320818,0.345279,0.366387,0.373596,
0.364333,0.355116,0.328371,0.298,0.275501,0.267343,0.275501,0.298,0.328371,0.355116,0.364333,
0.356149,0.344994,0.313076,0.27752,0.251676,0.242412,0.251676,0.27752,0.313076,0.344994,0.356149,
0.350005,0.337331,0.301608,0.262441,0.234418,0.224468,0.234418,0.262441,0.301608,0.337331,0.350005,
0.348022,0.334639,0.29725,0.256536,0.227591,0.217353,0.227591,0.256536,0.29725,0.334639,0.348022,

0.466529,
0.428216,0.42747,0.425558,0.42315,0.421215,0.420465,0.421215,0.42315,0.425558,0.42747,0.428216,
0.422081,0.421766,0.421076,0.420193,0.419507,0.419226,0.419507,0.420193,0.421076,0.421766,0.422081,
0.419373,0.418296,0.415368,0.411739,0.408846,0.407733,0.408846,0.411739,0.415368,0.418296,0.419373,
0.413743,0.411613,0.405525,0.398096,0.392215,0.389985,0.392215,0.398096,0.405525,0.411613,0.413743,
0.407305,0.403631,0.392907,0.380013,0.369922,0.366136,0.369922,0.380013,0.392907,0.403631,0.407305,
0.398756,0.393333,0.377376,0.358526,0.34401,0.338621,0.34401,0.358526,0.377376,0.393333,0.398756,
0.389753,0.38231,0.360446,0.335095,0.315922,0.308883,0.315922,0.335095,0.360446,0.38231,0.389753,
0.380278,0.370774,0.343098,0.311642,0.288314,0.279849,0.288314,0.311642,0.343098,0.370774,0.380278,
0.371967,0.360478,0.327475,0.290665,0.263871,0.254259,0.263871,0.290665,0.327475,0.360478,0.371967,
0.365746,0.352708,0.315802,0.275278,0.246234,0.235911,0.246234,0.275278,0.315802,0.352708,0.365746,
0.363791,0.350027,0.311405,0.269275,0.239266,0.228641,0.239266,0.269275,0.311405,0.350027,0.363791,

0.473615,
0.434138,0.433381,0.431437,0.42899,0.427024,0.426262,0.427024,0.42899,0.431437,0.433381,0.434138,
0.427907,0.427589,0.426891,0.425997,0.425303,0.425018,0.425303,0.425997,0.426891,0.427589,0.427907,
0.425171,0.424081,0.421117,0.417443,0.414513,0.413387,0.414513,0.417443,0.421117,0.424081,0.425171,
0.419473,0.417319,0.411159,0.403641,0.397689,0.395432,0.397689,0.403641,0.411159,0.417319,0.419473,
0.412972,0.409257,0.398403,0.385354,0.37514,0.371307,0.37514,0.385354,0.398403,0.409257,0.412972,
0.404336,0.398855,0.38271,0.363636,0.348945,0.343491,0.348945,0.363636,0.38271,0.398855,0.404336,
0.395262,0.387741,0.365623,0.339972,0.320567,0.313441,0.320567,0.339972,0.365623,0.387741,0.395262,
0.385719,0.376119,0.34813,0.316308,0.2927,0.284132,0.2927,0.316308,0.34813,0.376119,0.385719,
0.377368,0.365766,0.332398,0.295166,0.268052,0.258323,0.268052,0.295166,0.332398,0.365766,0.377368,
0.371122,0.357961,0.320659,0.279677,0.250289,0.23984,0.250289,0.279677,0.320659,0.357961,0.371122,
0.369178,0.355285,0.316249,0.273642,0.243275,0.232518,0.243275,0.273642,0.316249,0.355285,0.369178,

0.487428,
0.44564,0.44486,0.442856,0.440334,0.438306,0.437521,0.438306,0.440334,0.442856,0.44486,0.44564,
0.439225,0.4389,0.438185,0.437271,0.436561,0.43627,0.436561,0.437271,0.438185,0.4389,0.439225,
0.436433,0.435319,0.432285,0.428524,0.425525,0.424372,0.425525,0.428524,0.432285,0.435319,0.436433,
0.430607,0.428406,0.422106,0.414417,0.408327,0.406019,0.408327,0.414417,0.422106,0.428406,0.430607,
0.423985,0.420191,0.409088,0.395739,0.385286,0.381365,0.385286,0.395739,0.409088,0.420191,0.423985,
0.415187,0.409593,0.393086,0.373579,0.35855,0.352969,0.35855,0.373579,0.393086,0.409593,0.415187,
0.405979,0.398307,0.375699,0.34947,0.329617,0.322325,0.329617,0.34947,0.375699,0.398307,0.405979,
0.396306,0.386521,0.357929,0.325403,0.301256,0.292489,0.301256,0.325403,0.357929,0.386521,0.396306,
0.38788,0.376063,0.341994,0.303948,0.276217,0.26626,0.276217,0.303948,0.341994,0.376063,0.38788,
0.381589,0.368194,0.330128,0.288266,0.258213,0.247521,0.258213,0.288266,0.330128,0.368194,0.381589,
0.379667,0.365529,0.325695,0.282169,0.251109,0.240099,0.251109,0.282169,0.325695,0.365529,0.379667,

0.499304,
0.455482,0.454683,0.452628,0.450041,0.447962,0.447157,0.447962,0.450041,0.452628,0.454683,0.455482,
0.448911,0.44858,0.447852,0.44692,0.446196,0.445899,0.446196,0.44692,0.447852,0.44858,0.448911,
0.446072,0.444937,0.441844,0.43801,0.434952,0.433777,0.434952,0.43801,0.441844,0.444937,0.446072,
0.440139,0.437899,0.431479,0.423645,0.417439,0.415087,0.417439,0.423645,0.431479,0.437899,0.440139,
0.433417,0.429555,0.418242,0.404637,0.393983,0.389985,0.393983,0.404637,0.418242,0.429555,0.433417,
0.424484,0.418794,0.40198,0.382107,0.366791,0.361103,0.366791,0.382107,0.40198,0.418794,0.424484,
0.415166,0.407366,0.384343,0.357624,0.337391,0.329958,0.337391,0.357624,0.384343,0.407366,0.415166,
0.405387,0.395445,0.366344,0.333221,0.308616,0.299681,0.308616,0.333221,0.366344,0.395445,0.405387,
0.396901,0.384902,0.350239,0.311504,0.283249,0.2731,0.283249,0.311504,0.350239,0.384902,0.396901,
0.390573,0.37698,0.338268,0.295661,0.265045,0.254147,0.265045,0.295661,0.338268,0.37698,0.390573,
0.388671,0.374326,0.333817,0.289513,0.257865,0.24664,0.257865,0.289513,0.333817,0.374326,0.388671,

0.515132,
0.468536,0.467712,0.465588,0.462917,0.460769,0.459938,0.460769,0.462917,0.465588,0.467712,0.468536,
0.461758,0.46142,0.460674,0.459719,0.458977,0.458674,0.458977,0.459719,0.460674,0.46142,0.461758,
0.45886,0.457698,0.454527,0.450596,0.44746,0.446256,0.44746,0.450596,0.454527,0.457698,0.45886,
0.452788,0.450496,0.44392,0.435894,0.429536,0.427126,0.429536,0.435894,0.44392,0.450496,0.452788,
0.445938,0.441988,0.430398,0.416458,0.405538,0.401441,0.405538,0.416458,0.430398,0.441988,0.445938,
0.436832,0.431016,0.413799,0.393446,0.377752,0.371923,0.377752,0.393446,0.413799,0.431016,0.436832,
0.427375,0.419407,0.395841,0.368478,0.347745,0.340127,0.347745,0.368478,0.395841,0.419407,0.427375,
0.417461,0.407315,0.377545,0.343639,0.318433,0.309276,0.318433,0.343639,0.377545,0.407315,0.417461,
0.408901,0.396665,0.361224,0.321585,0.292641,0.282239,0.292641,0.321585,0.361224,0.396665,0.408901,
0.402528,0.388676,0.349119,0.305534,0.274178,0.263008,0.274178,0.305534,0.349119,0.388676,0.402528,
0.400655,0.386038,0.344646,0.29932,0.266898,0.25539,0.266898,0.29932,0.344646,0.386038,0.400655,

0.524013,
0.475829,0.47499,0.472829,0.470111,0.467924,0.467078,0.467924,0.470111,0.472829,0.47499,0.475829,
0.468937,0.468594,0.467838,0.466871,0.466119,0.465811,0.466119,0.466871,0.467838,0.468594,0.468937,
0.466006,0.464829,0.461614,0.45763,0.454451,0.45323,0.454451,0.45763,0.461614,0.464829,0.466006,
0.459857,0.457537,0.450874,0.442743,0.4363,0.433858,0.4363,0.442743,0.450874,0.457537,0.459857,
0.452939,0.44894,0.437196,0.423071,0.412003,0.407851,0.412003,0.423071,0.437196,0.44894,0.452939,
0.443738,0.437853,0.420414,0.399794,0.383891,0.377984,0.383891,0.399794,0.420414,0.437853,0.443738,
0.434208,0.426147,0.40228,0.374561,0.353551,0.345831,0.353551,0.374561,0.40228,0.426147,0.434208,
0.424221,0.413962,0.383823,0.349484,0.323945,0.314665,0.323945,0.349484,0.383823,0.413962,0.424221,
0.415622,0.403255,0.367385,0.327246,0.297921,0.287378,0.297921,0.327246,0.367385,0.403255,0.415622,
0.409225,0.395231,0.355207,0.311081,0.279315,0.267995,0.279315,0.311081,0.355207,0.395231,0.409225,
0.40737,0.392604,0.350723,0.304831,0.271981,0.260316,0.271981,0.304831,0.350723,0.392604,0.40737,

0.538118,
0.487366,0.486505,0.484285,0.481492,0.479245,0.478376,0.479245,0.481492,0.484285,0.486505,0.487366,
0.480294,0.479944,0.479172,0.478186,0.477418,0.477104,0.477418,0.478186,0.479172,0.479944,0.480294,
0.477313,0.476112,0.47283,0.468761,0.465515,0.464268,0.465515,0.468761,0.47283,0.476112,0.477313,
0.471046,0.468682,0.461883,0.453585,0.447009,0.444517,0.447009,0.453585,0.461883,0.468682,0.471046,
0.464023,0.459947,0.447962,0.433546,0.422247,0.418008,0.422247,0.433546,0.447962,0.459947,0.464023,
0.454677,0.448683,0.430895,0.409857,0.393626,0.387596,0.393626,0.409857,0.430895,0.448683,0.454677,
0.445034,0.436828,0.41249,0.384213,0.362768,0.354886,0.362768,0.384213,0.41249,0.436828,0.445034,
0.434938,0.424502,0.393785,0.358767,0.332705,0.323231,0.332705,0.358767,0.393785,0.424502,0.434938,
0.426281,0.413709,0.377166,0.336244,0.30632,0.295557,0.30632,0.336244,0.377166,0.413709,0.426281,
0.419848,0.405632,0.364877,0.319904,0.287494,0.275938,0.287494,0.319904,0.364877,0.405632,0.419848,
0.418022,0.403022,0.360376,0.313598,0.280075,0.268162,0.280075,0.313598,0.360376,0.403022,0.418022,

0.549583,
0.496702,0.495824,0.493555,0.490702,0.488407,0.48752,0.488407,0.490702,0.493555,0.495824,0.496702,
0.489485,0.48913,0.488346,0.487343,0.486563,0.486244,0.486563,0.487343,0.488346,0.48913,0.489485,
0.486466,0.485246,0.481909,0.477773,0.474472,0.473205,0.474472,0.477773,0.481909,0.485246,0.486466,
0.480105,0.477705,0.470797,0.462367,0.455684,0.453151,0.455684,0.462367,0.470797,0.477705,0.480105,
0.472999,0.468862,0.456684,0.442035,0.43055,0.426241,0.43055,0.442035,0.456684,0.468862,0.472999,
0.463541,0.45746,0.439392,0.41802,0.401524,0.395397,0.401524,0.41802,0.439392,0.45746,0.463541,
0.453811,0.445489,0.420773,0.392049,0.370255,0.362244,0.370255,0.392049,0.420773,0.445489,0.453811,
0.44363,0.433053,0.401872,0.366311,0.339829,0.330201,0.339829,0.366311,0.401872,0.433053,0.44363,
0.43493,0.422194,0.385113,0.343563,0.313158,0.302219,0.313158,0.343563,0.385113,0.422194,0.43493,
0.42847,0.414075,0.372736,0.327085,0.294159,0.282413,0.294159,0.327085,0.372736,0.414075,0.42847,
0.426667,0.411481,0.368223,0.320735,0.286671,0.27456,0.286671,0.320735,0.368223,0.411481,0.426667,

0.565321,
0.509459,0.508557,0.506224,0.50329,0.500929,0.500016,0.500929,0.50329,0.506224,0.508557,0.509459,
0.502046,0.501685,0.500883,0.499859,0.499062,0.498736,0.499062,0.499859,0.500883,0.501685,0.502046,
0.498976,0.497731,0.494319,0.490092,0.486718,0.485423,0.486718,0.490092,0.494319,0.497731,0.498976,
0.492491,0.490043,0.482987,0.474377,0.467549,0.464962,0.467549,0.474377,0.482987,0.490043,0.492491,
0.485278,0.481058,0.468619,0.453653,0.441916,0.437513,0.441916,0.453653,0.468619,0.481058,0.485278,
0.47567,0.469472,0.451025,0.4292,0.412348,0.406088,0.412348,0.4292,0.451025,0.469472,0.47567,
0.465828,0.457349,0.432123,0.402793,0.380528,0.372341,0.380528,0.402793,0.432123,0.457349,0.465828,
0.455535,0.444769,0.412963,0.376667,0.349617,0.339779,0.349617,0.376667,0.412963,0.444769,0.455535,
0.446781,0.433824,0.396017,0.353619,0.322564,0.311384,0.322564,0.353619,0.396017,0.433824,0.446781,
0.440286,0.425652,0.383524,0.336957,0.303332,0.29133,0.303332,0.336957,0.383524,0.425652,0.440286,
0.438519,0.423081,0.378997,0.330548,0.295753,0.283373,0.295753,0.330548,0.378997,0.423081,0.438519,

0.575081,
0.517337,0.51642,0.514047,0.511063,0.508661,0.507733,0.508661,0.511063,0.514047,0.51642,0.517337,
0.509804,0.509438,0.508626,0.507589,0.506781,0.506451,0.506781,0.507589,0.508626,0.509438,0.509804,
0.506702,0.505442,0.501985,0.497702,0.494283,0.492971,0.494283,0.497702,0.501985,0.505442,0.506702,
0.500143,0.497666,0.49052,0.481799,0.474883,0.472263,0.474883,0.481799,0.49052,0.497666,0.500143,
0.492866,0.488595,0.475996,0.460838,0.448947,0.444486,0.448947,0.460838,0.475996,0.488595,0.492866,
0.483169,0.476899,0.458222,0.43612,0.419049,0.412707,0.419049,0.43612,0.458222,0.476899,0.483169,
0.473261,0.464687,0.439149,0.409449,0.386894,0.3786,0.386894,0.409449,0.439149,0.464687,0.473261,
0.462903,0.45202,0.419833,0.383088,0.355691,0.345724,0.355691,0.383088,0.419833,0.45202,0.462903,
0.454118,0.441026,0.402776,0.359859,0.328406,0.31708,0.328406,0.359859,0.402776,0.441026,0.454118,
0.447603,0.432823,0.390214,0.343086,0.309034,0.296875,0.309034,0.343086,0.390214,0.432823,0.447603,
0.445859,0.430267,0.385679,0.336642,0.301399,0.288855,0.301399,0.336642,0.385679,0.430267,0.445859,

0.589828,
0.529192,0.528254,0.525821,0.522762,0.520299,0.519348,0.520299,0.522762,0.525821,0.528254,0.529192,
0.521479,0.521108,0.520281,0.519224,0.5184,0.518064,0.5184,0.519224,0.520281,0.521108,0.521479,
0.518333,0.517051,0.513526,0.50916,0.505673,0.504335,0.505673,0.50916,0.513526,0.517051,0.518333,
0.511665,0.509144,0.501863,0.492978,0.48593,0.48326,0.48593,0.492978,0.501863,0.509144,0.511665,
0.504295,0.499949,0.487112,0.471665,0.459544,0.454998,0.459544,0.471665,0.487112,0.499949,0.504295,
0.494469,0.488092,0.469071,0.446556,0.42916,0.422696,0.42916,0.446556,0.469071,0.488092,0.494469,
0.484466,0.47575,0.449748,0.419497,0.39651,0.388056,0.39651,0.419497,0.449748,0.47575,0.484466,
0.474015,0.462959,0.430204,0.392789,0.364874,0.354716,0.364874,0.392789,0.430204,0.462959,0.474015,
0.465186,0.451895,0.412985,0.369295,0.337248,0.325703,0.337248,0.369295,0.412985,0.451895,0.465186,
0.458643,0.443647,0.400322,0.35236,0.31767,0.305275,0.31767,0.35236,0.400322,0.443647,0.458643,
0.456934,0.441115,0.395776,0.345864,0.309952,0.297161,0.309952,0.345864,0.395776,0.441115,0.456934,

0.600662,
0.537866,0.536912,0.534435,0.531322,0.528815,0.527847,0.528815,0.531322,0.534435,0.536912,0.537866,
0.530023,0.529647,0.528808,0.527737,0.526902,0.526562,0.526902,0.527737,0.528808,0.529647,0.530023,
0.526845,0.525546,0.521973,0.517546,0.51401,0.512654,0.51401,0.517546,0.521973,0.525546,0.526845,
0.520099,0.517546,0.510168,0.501164,0.49402,0.491314,0.49402,0.501164,0.510168,0.517546,0.520099,
0.512664,0.508264,0.495254,0.479599,0.467311,0.462701,0.467311,0.479599,0.495254,0.508264,0.512664,
0.502747,0.496293,0.477022,0.454209,0.436576,0.430024,0.436576,0.454209,0.477022,0.496293,0.502747,
0.492679,0.48386,0.457521,0.426871,0.403572,0.395001,0.403572,0.426871,0.457521,0.48386,0.492679,
0.482162,0.470981,0.437815,0.399916,0.371625,0.361328,0.371625,0.399916,0.437815,0.470981,0.482162,
0.473304,0.459868,0.420481,0.376232,0.343755,0.332051,0.343755,0.376232,0.420481,0.459868,0.473304,
0.466742,0.451589,0.407747,0.359181,0.324028,0.311464,0.324028,0.359181,0.407747,0.451589,0.466742,
0.46506,0.449076,0.403194,0.352648,0.31625,0.303281,0.31625,0.352648,0.403194,0.449076,0.46506,

0.617771,
0.551503,0.550525,0.54798,0.544781,0.542206,0.541212,0.542206,0.544781,0.54798,0.550525,0.551503,
0.543456,0.543075,0.542218,0.541125,0.540272,0.539925,0.540272,0.541125,0.542218,0.543075,0.543456,
0.540232,0.538907,0.535258,0.530737,0.527125,0.52574,0.527125,0.530737,0.535258,0.538907,0.540232,
0.533367,0.530766,0.523236,0.514046,0.506753,0.503991,0.506753,0.514046,0.523236,0.530766,0.533367,
0.525835,0.52135,0.508072,0.492091,0.479544,0.474837,0.479544,0.492091,0.508072,0.52135,0.525835,
0.51578,0.509207,0.489548,0.46627,0.448269,0.44158,0.448269,0.46627,0.489548,0.509207,0.51578,
0.505615,0.496636,0.469776,0.438504,0.414718,0.405966,0.414718,0.438504,0.469776,0.496636,0.505615,
0.495,0.483627,0.449823,0.411171,0.382295,0.371781,0.382295,0.411171,0.449823,0.483627,0.495,
0.486102,0.472442,0.432314,0.387196,0.354048,0.342097,0.354048,0.387196,0.432314,0.472442,0.486102,
0.479513,0.464117,0.419472,0.369967,0.334095,0.321265,0.334095,0.369967,0.419472,0.464117,0.479513,
0.477875,0.461635,0.414909,0.363378,0.326224,0.312977,0.326224,0.363378,0.414909,0.461635,0.477875,

0.626798,
0.558668,0.557677,0.555097,0.551854,0.549243,0.548235,0.549243,0.551854,0.555097,0.557677,0.558668,
0.550516,0.550131,0.549265,0.548161,0.547299,0.546948,0.547299,0.548161,0.549265,0.550131,0.550516,
0.547268,0.54593,0.542241,0.537671,0.534019,0.532619,0.534019,0.537671,0.542241,0.54593,0.547268,
0.540342,0.537716,0.530107,0.520821,0.51345,0.510659,0.51345,0.520821,0.530107,0.537716,0.540342,
0.532762,0.528233,0.514815,0.498665,0.485983,0.481226,0.485983,0.498665,0.514815,0.528233,0.532762,
0.522638,0.516002,0.496142,0.472622,0.454429,0.447669,0.454429,0.472622,0.496142,0.516002,0.522638,
0.512425,0.503363,0.476231,0.444636,0.420597,0.411751,0.420597,0.444636,0.476231,0.503363,0.512425,
0.501761,0.490287,0.456152,0.417108,0.387928,0.377301,0.387928,0.417108,0.456152,0.490287,0.501761,
0.492843,0.479067,0.438555,0.392985,0.359488,0.347408,0.359488,0.392985,0.438555,0.479067,0.492843,
0.486241,0.470719,0.425657,0.375665,0.339418,0.32645,0.339418,0.375665,0.425657,0.470719,0.486241,
0.484627,0.468254,0.42109,0.369047,0.331499,0.318107,0.331499,0.369047,0.42109,0.468254,0.484627,

0.643565,
0.571924,0.57091,0.568265,0.564941,0.562262,0.56123,0.562262,0.564941,0.568265,0.57091,0.571924,
0.563579,0.563188,0.562305,0.56118,0.5603,0.559943,0.5603,0.56118,0.562305,0.563188,0.563579,
0.560288,0.558927,0.555164,0.550505,0.54678,0.545353,0.54678,0.550505,0.555164,0.558927,0.560288,
0.553254,0.550581,0.542827,0.533365,0.525851,0.523007,0.525851,0.533365,0.542827,0.550581,0.553254,
0.545588,0.540978,0.527305,0.510846,0.497915,0.493065,0.497915,0.510846,0.527305,0.540978,0.545588,
0.53534,0.52859,0.508361,0.484399,0.465856,0.458965,0.465856,0.484399,0.508361,0.52859,0.53534,
0.525043,0.51583,0.488202,0.456016,0.431512,0.422493,0.431512,0.456016,0.488202,0.51583,0.525043,
0.514294,0.502637,0.467896,0.428136,0.398398,0.387564,0.398398,0.428136,0.467896,0.502637,0.514294,
0.505344,0.491355,0.45014,0.403744,0.369608,0.357291,0.369608,0.403744,0.45014,0.491355,0.505344,
0.498719,0.482968,0.437144,0.38626,0.349326,0.336105,0.349326,0.38626,0.437144,0.482968,0.498719,
0.497151,0.480536,0.432571,0.379589,0.34132,0.327661,0.34132,0.379589,0.432571,0.480536,0.497151,

0.652592,
0.579034,0.578007,0.575327,0.57196,0.569246,0.5682,0.569246,0.57196,0.575327,0.578007,0.579034,
0.570585,0.570191,0.5693,0.568163,0.567275,0.566915,0.567275,0.568163,0.5693,0.570191,0.570585,
0.567273,0.565899,0.562098,0.557391,0.553628,0.552186,0.553628,0.557391,0.562098,0.565899,0.567273,
0.560183,0.557485,0.549655,0.540098,0.532509,0.529637,0.532509,0.540098,0.549655,0.557485,0.560183,
0.552472,0.54782,0.534012,0.517388,0.504325,0.499426,0.504325,0.517388,0.534012,0.54782,0.552472,
0.542161,0.535351,0.514927,0.490729,0.472,0.465039,0.472,0.490729,0.514927,0.535351,0.542161,
0.531823,0.522528,0.494638,0.462137,0.437386,0.428276,0.437386,0.462137,0.494638,0.522528,0.531823,
0.52103,0.509275,0.474213,0.434073,0.404039,0.393096,0.404039,0.434073,0.474213,0.509275,0.52103,
0.512065,0.497963,0.456376,0.40954,0.375065,0.362622,0.375065,0.40954,0.456376,0.497963,0.512065,
0.505429,0.489556,0.443328,0.391971,0.354673,0.341317,0.354673,0.391971,0.443328,0.489556,0.505429,
0.503885,0.487142,0.438752,0.385273,0.34662,0.332819,0.34662,0.385273,0.438752,0.487142,0.503885,

0.667721,
0.590904,0.589858,0.58712,0.583681,0.580909,0.579841,0.580909,0.583681,0.58712,0.589858,0.590904,
0.582285,0.581887,0.580981,0.579826,0.578922,0.578557,0.578922,0.579826,0.580981,0.581887,0.582285,
0.57894,0.577545,0.573679,0.568894,0.565066,0.5636,0.565066,0.568894,0.573679,0.577545,0.57894,
0.571757,0.56902,0.561062,0.551351,0.543636,0.540717,0.543636,0.551351,0.561062,0.56902,0.571757,
0.563978,0.559255,0.545222,0.528326,0.515045,0.510065,0.515045,0.528326,0.545222,0.559255,0.563978,
0.553565,0.546655,0.525907,0.501321,0.482283,0.475207,0.482283,0.501321,0.525907,0.546655,0.553565,
0.54316,0.533733,0.505407,0.472388,0.447228,0.437966,0.447228,0.472388,0.505407,0.533733,0.54316,
0.532299,0.520383,0.484791,0.444023,0.413499,0.402373,0.413499,0.444023,0.484791,0.520383,0.532299,
0.52331,0.509023,0.46682,0.41926,0.384222,0.371572,0.384222,0.41926,0.46682,0.509023,0.52331,
0.516658,0.500584,0.45369,0.401551,0.363649,0.35007,0.363649,0.401551,0.45369,0.500584,0.516658,
0.515157,0.498202,0.44911,0.394808,0.35552,0.341484,0.35552,0.394808,0.44911,0.498202,0.515157,

0.678092,
0.599012,0.597952,0.595175,0.591687,0.588875,0.587792,0.588875,0.591687,0.595175,0.597952,0.599012,
0.590278,0.589876,0.58896,0.587792,0.586879,0.586509,0.586879,0.587792,0.58896,0.589876,0.590278,
0.58691,0.585501,0.581592,0.576753,0.572882,0.5714,0.572882,0.576753,0.581592,0.585501,0.58691,
0.579667,0.576902,0.568859,0.559042,0.551243,0.548292,0.551243,0.559042,0.568859,0.576902,0.579667,
0.571842,0.567072,0.552887,0.535807,0.522379,0.517344,0.522379,0.535807,0.552887,0.567072,0.571842,
0.561362,0.554385,0.533419,0.50857,0.489324,0.48217,0.489324,0.50857,0.533419,0.554385,0.561362,
0.550915,0.541399,0.512779,0.479409,0.453973,0.444608,0.453973,0.479409,0.512779,0.541399,0.550915,
0.54001,0.527986,0.492035,0.450843,0.419987,0.408739,0.419987,0.450843,0.492035,0.527986,0.54001,
0.531008,0.516595,0.473977,0.425927,0.390509,0.377718,0.390509,0.425927,0.473977,0.516595,0.531008,
0.524345,0.508136,0.460792,0.408125,0.369815,0.356085,0.369815,0.408125,0.460792,0.508136,0.524345,
0.522874,0.505776,0.456211,0.401352,0.361634,0.34744,0.361634,0.401352,0.456211,0.505776,0.522874,

0.696254,
0.613151,0.612068,0.609223,0.605651,0.60277,0.601661,0.60277,0.605651,0.609223,0.612068,0.613151,
0.604218,0.603811,0.602877,0.601689,0.600758,0.600382,0.600758,0.601689,0.602877,0.603811,0.604218,
0.600814,0.59938,0.595397,0.590466,0.58652,0.58501,0.58652,0.590466,0.595397,0.59938,0.600814,
0.593469,0.590658,0.582466,0.572469,0.564523,0.561517,0.564523,0.572469,0.582466,0.590658,0.593469,
0.585571,0.580719,0.566272,0.548875,0.535192,0.530062,0.535192,0.548875,0.566272,0.580719,0.585571,
0.57498,0.567887,0.546545,0.521243,0.501636,0.494349,0.501636,0.521243,0.546545,0.567887,0.57498,
0.564465,0.554794,0.525668,0.491694,0.465781,0.456238,0.465781,0.491694,0.525668,0.554794,0.564465,
0.553486,0.541276,0.50471,0.462787,0.431359,0.419898,0.431359,0.462787,0.50471,0.541276,0.553486,
0.544465,0.529837,0.486504,0.43761,0.401536,0.388502,0.401536,0.43761,0.486504,0.529837,0.544465,
0.537787,0.521344,0.473227,0.419649,0.380635,0.366645,0.380635,0.419649,0.473227,0.521344,0.537787,
0.536369,0.519024,0.468644,0.412826,0.372366,0.357897,0.372366,0.412826,0.468644,0.519024,0.536369,

0.703859,
0.61905,0.617958,0.615084,0.611478,0.608568,0.607449,0.608568,0.611478,0.615084,0.617958,0.61905,
0.610036,0.609627,0.608685,0.607488,0.60655,0.606171,0.60655,0.607488,0.608685,0.609627,0.610036,
0.606617,0.605173,0.601159,0.59619,0.592213,0.590692,0.592213,0.59619,0.601159,0.605173,0.606617,
0.599231,0.5964,0.588147,0.578076,0.57007,0.567042,0.57007,0.578076,0.588147,0.5964,0.599231,
0.591304,0.586418,0.571864,0.554335,0.540547,0.535377,0.540547,0.554335,0.571864,0.586418,0.591304,
0.580668,0.573528,0.55203,0.526542,0.506787,0.499444,0.506787,0.526542,0.55203,0.573528,0.580668,
0.570127,0.560393,0.531059,0.496835,0.470725,0.461109,0.470725,0.496835,0.531059,0.560393,0.570127,
0.559121,0.546833,0.510013,0.467788,0.436124,0.424576,0.436124,0.467788,0.510013,0.546833,0.559121,
0.550093,0.535375,0.491748,0.442506,0.40616,0.393026,0.40616,0.442506,0.491748,0.535375,0.550093,
0.543408,0.52687,0.478434,0.424481,0.385175,0.371078,0.385175,0.424481,0.478434,0.52687,0.543408,
0.542013,0.524567,0.473851,0.417637,0.37687,0.362288,0.37687,0.417637,0.473851,0.524567,0.542013,

0.717143,
0.629324,0.628215,0.625293,0.621626,0.618667,0.61753,0.618667,0.621626,0.625293,0.628215,0.629324,
0.620167,0.619755,0.618801,0.617589,0.616638,0.616255,0.616638,0.617589,0.618801,0.619755,0.620167,
0.616724,0.615265,0.611197,0.606162,0.602132,0.600591,0.602132,0.606162,0.611197,0.615265,0.616724,
0.60927,0.606406,0.598047,0.587847,0.579736,0.576669,0.579736,0.587847,0.598047,0.606406,0.60927,
0.601294,0.596351,0.58161,0.563855,0.549885,0.544648,0.549885,0.563855,0.58161,0.596351,0.601294,
0.590585,0.583362,0.561597,0.535786,0.515773,0.508335,0.515773,0.535786,0.561597,0.583362,0.590585,
0.580001,0.570156,0.540462,0.505808,0.479357,0.469614,0.479357,0.505808,0.540462,0.570156,0.580001,
0.568947,0.556527,0.519269,0.476523,0.44445,0.432751,0.44445,0.476523,0.519269,0.556527,0.568947,
0.559909,0.545039,0.500903,0.45106,0.414246,0.400938,0.414246,0.45106,0.500903,0.545039,0.559909,
0.553216,0.536512,0.487526,0.432925,0.393117,0.378834,0.393117,0.432925,0.487526,0.536512,0.553216,
0.551861,0.534239,0.482943,0.426046,0.384748,0.36997,0.384748,0.426046,0.482943,0.534239,0.551861,

0.729699,
0.639,0.637876,0.634909,0.631185,0.62818,0.627026,0.62818,0.631185,0.634909,0.637876,0.639,
0.629712,0.629296,0.628331,0.627104,0.626142,0.625754,0.626142,0.627104,0.628331,0.629296,0.629712,
0.626248,0.624772,0.620654,0.615559,0.611478,0.609919,0.611478,0.615559,0.620654,0.624772,0.626248,
0.61873,0.615835,0.607378,0.597058,0.58885,0.585746,0.58885,0.597058,0.607378,0.615835,0.61873,
0.610712,0.605715,0.5908,0.572834,0.558695,0.553394,0.558695,0.572834,0.5908,0.605715,0.610712,
0.599936,0.592636,0.570622,0.54451,0.524258,0.51673,0.524258,0.54451,0.570622,0.592636,0.599936,
0.589315,0.579368,0.549339,0.514283,0.487515,0.477654,0.487515,0.514283,0.549339,0.579368,0.589315,
0.578219,0.565676,0.52801,0.484779,0.452326,0.440485,0.452326,0.484779,0.52801,0.565676,0.578219,
0.569174,0.554161,0.509553,0.45915,0.421899,0.40843,0.421899,0.45915,0.509553,0.554161,0.569174,
0.562473,0.545616,0.496118,0.440914,0.400637,0.38618,0.400637,0.440914,0.496118,0.545616,0.562473,
0.561157,0.543373,0.491537,0.434002,0.39221,0.377249,0.39221,0.434002,0.491537,0.543373,0.561157,

0.743303,
0.649446,0.648306,0.64529,0.641506,0.638452,0.637279,0.638452,0.641506,0.64529,0.648306,0.649446,
0.640017,0.639598,0.638621,0.637379,0.636404,0.636012,0.636404,0.637379,0.638621,0.639598,0.640017,
0.636531,0.635039,0.630868,0.625707,0.621574,0.619994,0.621574,0.625707,0.630868,0.635039,0.636531,
0.628948,0.626021,0.617459,0.60701,0.598698,0.595556,0.598698,0.60701,0.617459,0.626021,0.628948,
0.620888,0.615833,0.600732,0.582542,0.568221,0.562853,0.568221,0.582542,0.600732,0.615833,0.620888,
0.610043,0.602662,0.580381,0.553949,0.533441,0.525817,0.533441,0.553949,0.580381,0.602662,0.610043,
0.599385,0.58933,0.558943,0.523458,0.496351,0.486364,0.496351,0.523458,0.558943,0.58933,0.599385,
0.588248,0.575573,0.537472,0.493724,0.460864,0.448872,0.460864,0.493724,0.537472,0.575573,0.588248,
0.579198,0.564033,0.51892,0.467919,0.430202,0.416559,0.430202,0.467919,0.51892,0.564033,0.579198,
0.57249,0.555468,0.505425,0.449577,0.408799,0.394157,0.408799,0.449577,0.505425,0.555468,0.57249,
0.571216,0.553258,0.500846,0.442631,0.40031,0.385154,0.40031,0.442631,0.500846,0.553258,0.571216,

0.755284,
0.658616,0.657462,0.654403,0.650567,0.647469,0.646281,0.647469,0.650567,0.654403,0.657462,0.658616,
0.649064,0.648643,0.647654,0.6464,0.645413,0.645017,0.645413,0.6464,0.647654,0.648643,0.649064,
0.645561,0.644054,0.639837,0.63462,0.630439,0.628843,0.630439,0.63462,0.639837,0.644054,0.645561,
0.637922,0.634967,0.626313,0.615753,0.60735,0.604175,0.60735,0.615753,0.626313,0.634967,0.637922,
0.629827,0.624722,0.60946,0.591074,0.576596,0.571169,0.576596,0.591074,0.60946,0.624722,0.629827,
0.618925,0.611473,0.588961,0.56225,0.54152,0.533814,0.54152,0.56225,0.588961,0.611473,0.618925,
0.608238,0.598088,0.56739,0.531534,0.504132,0.494035,0.504132,0.531534,0.56739,0.598088,0.608238,
0.597066,0.584278,0.545799,0.501602,0.468389,0.456266,0.468389,0.501602,0.545799,0.584278,0.597066,
0.588013,0.572716,0.527166,0.475647,0.437524,0.423731,0.437524,0.475647,0.527166,0.572716,0.588013,
0.581301,0.564137,0.513621,0.457213,0.416,0.401197,0.416,0.457213,0.513621,0.564137,0.581301,
0.580064,0.561955,0.509044,0.450239,0.407458,0.392131,0.407458,0.450239,0.509044,0.561955,0.580064,

0.770065,
0.669889,0.668718,0.665608,0.661708,0.658557,0.657349,0.658557,0.661708,0.665608,0.668718,0.669889,
0.660188,0.659764,0.658762,0.657492,0.656492,0.656091,0.656492,0.657492,0.658762,0.659764,0.660188,
0.656665,0.655141,0.650868,0.645581,0.641344,0.639727,0.641344,0.645581,0.650868,0.655141,0.656665,
0.648961,0.645972,0.637207,0.626511,0.617998,0.614782,0.617998,0.626511,0.637207,0.645972,0.648961,
0.640826,0.63566,0.620203,0.601579,0.586909,0.581411,0.586909,0.601579,0.620203,0.63566,0.640826,
0.629858,0.622319,0.599527,0.572478,0.551476,0.543669,0.551476,0.572478,0.599527,0.622319,0.629858,
0.619138,0.608873,0.577798,0.54149,0.513729,0.503499,0.513729,0.54149,0.577798,0.608873,0.619138,
0.607927,0.595,0.556064,0.51132,0.477677,0.465395,0.477677,0.51132,0.556064,0.595,0.607927,
0.598873,0.583416,0.537335,0.485186,0.446569,0.432593,0.446569,0.485186,0.537335,0.583416,0.598873,
0.592156,0.574819,0.523729,0.466643,0.4249,0.409901,0.4249,0.466643,0.523729,0.574819,0.592156,
0.590966,0.572674,0.519156,0.459634,0.416293,0.400759,0.416293,0.459634,0.519156,0.572674,0.590966,

0.780157,
0.67756,0.676378,0.673233,0.66929,0.666104,0.664883,0.666104,0.66929,0.673233,0.676378,0.67756,
0.66776,0.667334,0.666323,0.665042,0.664033,0.663629,0.664033,0.665042,0.666323,0.667334,0.66776,
0.664224,0.662689,0.658377,0.653044,0.648769,0.647138,0.648769,0.653044,0.658377,0.662689,0.664224,
0.656478,0.653465,0.644625,0.633839,0.625252,0.622008,0.625252,0.633839,0.644625,0.653465,0.656478,
0.648317,0.64311,0.627521,0.608738,0.593938,0.588392,0.593938,0.608738,0.627521,0.64311,0.648317,
0.637306,0.62971,0.606728,0.579451,0.558267,0.550393,0.558267,0.579451,0.606728,0.62971,0.637306,
0.626566,0.616224,0.584896,0.548283,0.52028,0.509961,0.52028,0.548283,0.584896,0.616224,0.626566,
0.615331,0.602311,0.563066,0.517955,0.484023,0.471633,0.484023,0.517955,0.563066,0.602311,0.615331,
0.606277,0.590713,0.544274,0.491701,0.452752,0.438653,0.452752,0.491701,0.544274,0.590713,0.606277,
0.599558,0.582105,0.530629,0.473085,0.430986,0.415855,0.430986,0.473085,0.530629,0.582105,0.599558,
0.5984,0.579985,0.526059,0.466053,0.422335,0.406661,0.422335,0.466053,0.526059,0.579985,0.5984,

0.79204,
0.686569,0.685374,0.682188,0.678195,0.674968,0.673731,0.674968,0.678195,0.682188,0.685374,0.686569,
0.676652,0.676223,0.675202,0.673909,0.672889,0.672482,0.672889,0.673909,0.675202,0.676223,0.676652,
0.673102,0.671553,0.667198,0.661811,0.657491,0.655844,0.657491,0.661811,0.667198,0.671553,0.673102,
0.665307,0.662268,0.653341,0.642449,0.633775,0.6305,0.633775,0.642449,0.653341,0.662268,0.665307,
0.657119,0.651865,0.636122,0.617153,0.602203,0.596601,0.602203,0.617153,0.636122,0.651865,0.657119,
0.64606,0.638397,0.615195,0.587653,0.566257,0.558303,0.566257,0.587653,0.615195,0.638397,0.64606,
0.635299,0.624867,0.593244,0.556277,0.527993,0.517569,0.527993,0.556277,0.593244,0.624867,0.635299,
0.624037,0.610908,0.571306,0.525768,0.491498,0.478983,0.491498,0.525768,0.571306,0.610908,0.624037,
0.614985,0.599296,0.552442,0.499376,0.46004,0.445797,0.46004,0.499376,0.552442,0.599296,0.614985,
0.608264,0.590676,0.538752,0.480677,0.438163,0.422877,0.438163,0.480677,0.538752,0.590676,0.608264,
0.607144,0.588586,0.534186,0.473618,0.429461,0.413624,0.429461,0.473618,0.534186,0.588586,0.607144,

0.807771,
0.698454,0.697242,0.694003,0.689944,0.686663,0.685407,0.686663,0.689944,0.694003,0.697242,0.698454,
0.688386,0.687955,0.68692,0.685611,0.684577,0.684165,0.684577,0.685611,0.68692,0.687955,0.688386,
0.684819,0.683253,0.67884,0.673383,0.669005,0.667336,0.669005,0.673383,0.67884,0.683253,0.684819,
0.676963,0.673889,0.664849,0.653818,0.645032,0.641715,0.645032,0.653818,0.664849,0.673889,0.676963,
0.668742,0.663427,0.647484,0.628271,0.613125,0.60745,0.613125,0.628271,0.647484,0.663427,0.668742,
0.657623,0.649872,0.626385,0.598497,0.576824,0.568767,0.576824,0.598497,0.626385,0.649872,0.657623,
0.646838,0.636289,0.604282,0.566853,0.538202,0.527642,0.538202,0.566853,0.604282,0.636289,0.646838,
0.635543,0.622274,0.582205,0.53611,0.501401,0.488722,0.501401,0.53611,0.582205,0.622274,0.635543,
0.626497,0.610644,0.56325,0.509541,0.469701,0.45527,0.469701,0.509541,0.56325,0.610644,0.626497,
0.619774,0.602011,0.549502,0.490735,0.447679,0.432193,0.447679,0.490735,0.549502,0.602011,0.619774,
0.618706,0.599961,0.544943,0.483642,0.438912,0.422862,0.438912,0.483642,0.544943,0.599961,0.618706,

0.817895,
0.706079,0.704857,0.701584,0.697483,0.694168,0.692899,0.694168,0.697483,0.701584,0.704857,0.706079,
0.695915,0.695482,0.694439,0.693119,0.692077,0.691662,0.692077,0.693119,0.694439,0.695482,0.695915,
0.692338,0.690762,0.686311,0.68081,0.676395,0.674713,0.676395,0.68081,0.686311,0.690762,0.692338,
0.684445,0.681349,0.672237,0.661118,0.652261,0.648917,0.652261,0.661118,0.672237,0.681349,0.684445,
0.676204,0.67085,0.65478,0.635414,0.620143,0.614422,0.620143,0.635414,0.65478,0.67085,0.676204,
0.66505,0.657243,0.633574,0.605467,0.583618,0.575497,0.583618,0.605467,0.633574,0.657243,0.66505,
0.654251,0.643628,0.611377,0.573656,0.544772,0.534124,0.544772,0.573656,0.611377,0.643628,0.654251,
0.642937,0.629578,0.589214,0.542766,0.507778,0.494995,0.507778,0.542766,0.589214,0.629578,0.642937,
0.633895,0.61794,0.570203,0.516087,0.475925,0.461376,0.475925,0.516087,0.570203,0.61794,0.633895,
0.627172,0.609298,0.556419,0.497213,0.453813,0.438199,0.453813,0.497213,0.556419,0.609298,0.627172,
0.626137,0.607275,0.551865,0.490099,0.445004,0.428819,0.445004,0.490099,0.551865,0.607275,0.626137,

0.831536,
0.716324,0.715088,0.71177,0.707614,0.704252,0.702967,0.704252,0.707614,0.71177,0.715088,0.716324,
0.706032,0.705597,0.704543,0.70321,0.702156,0.701737,0.702156,0.70321,0.704543,0.705597,0.706032,
0.702443,0.700852,0.696354,0.690792,0.686329,0.684629,0.686329,0.690792,0.696354,0.700852,0.702443,
0.694502,0.691377,0.682169,0.670934,0.661981,0.658602,0.661981,0.670934,0.682169,0.691377,0.694502,
0.686238,0.680831,0.664593,0.645022,0.629586,0.623803,0.629586,0.645022,0.664593,0.680831,0.686238,
0.675037,0.667157,0.643247,0.614848,0.592766,0.584557,0.592766,0.614848,0.643247,0.667157,0.675037,
0.664223,0.653501,0.620926,0.582816,0.553623,0.54286,0.553623,0.582816,0.620926,0.653501,0.664223,
0.652885,0.639408,0.598651,0.551734,0.516375,0.503454,0.516375,0.551734,0.598651,0.639408,0.652885,
0.643852,0.627759,0.579568,0.524909,0.484321,0.469613,0.484321,0.524909,0.579568,0.627759,0.643852,
0.637129,0.619107,0.565737,0.505947,0.46209,0.446306,0.46209,0.505947,0.565737,0.619107,0.637129,
0.636139,0.617119,0.56119,0.498805,0.453225,0.436861,0.453225,0.498805,0.56119,0.617119,0.636139,

0.844483,
0.726018,0.724769,0.721408,0.7172,0.713796,0.712495,0.713796,0.7172,0.721408,0.724769,0.726018,
0.715607,0.71517,0.714105,0.712759,0.711694,0.711272,0.711694,0.712759,0.714105,0.71517,0.715607,
0.712007,0.710403,0.705859,0.700242,0.695733,0.694016,0.695733,0.700242,0.705859,0.710403,0.712007,
0.704022,0.70087,0.691573,0.680229,0.671187,0.667775,0.671187,0.680229,0.691573,0.70087,0.704022,
0.695738,0.690284,0.673888,0.654125,0.638533,0.632693,0.638533,0.654125,0.673888,0.690284,0.695738,
0.684497,0.676548,0.652412,0.623742,0.60144,0.59315,0.60144,0.623742,0.652412,0.676548,0.684497,
0.673671,0.662857,0.62998,0.591506,0.562022,0.551151,0.562022,0.591506,0.62998,0.662857,0.673671,
0.662313,0.648725,0.607602,0.560246,0.524539,0.511489,0.524539,0.560246,0.607602,0.648725,0.662313,
0.653289,0.637068,0.588451,0.533286,0.492299,0.477443,0.492299,0.533286,0.588451,0.637068,0.653289,
0.646568,0.628408,0.574579,0.514243,0.469957,0.454015,0.469957,0.514243,0.574579,0.628408,0.646568,
0.64562,0.626454,0.570038,0.507075,0.461042,0.444509,0.461042,0.507075,0.570038,0.626454,0.64562,

0.858135,
0.736209,0.734946,0.731542,0.72728,0.72383,0.722513,0.72383,0.72728,0.731542,0.734946,0.736209,
0.725674,0.725235,0.724159,0.7228,0.721723,0.721298,0.721723,0.7228,0.724159,0.725235,0.725674,
0.722065,0.720447,0.715855,0.710181,0.705624,0.70389,0.705624,0.710181,0.715855,0.720447,0.722065,
0.714036,0.710856,0.701465,0.690008,0.680874,0.677428,0.680874,0.690008,0.701465,0.710856,0.714036,
0.705734,0.700229,0.683669,0.663707,0.647954,0.642054,0.647954,0.663707,0.683669,0.700229,0.705734,
0.694453,0.686433,0.662062,0.633108,0.61058,0.602205,0.61058,0.633108,0.662062,0.686433,0.694453,
0.683616,0.672707,0.639515,0.600663,0.570878,0.559895,0.570878,0.600663,0.639515,0.672707,0.683616,
0.67224,0.658537,0.617032,0.569221,0.533153,0.519969,0.533153,0.569221,0.617032,0.658537,0.67224,
0.663226,0.646873,0.597815,0.542124,0.500722,0.485712,0.500722,0.542124,0.597815,0.646873,0.663226,
0.656508,0.638205,0.5839,0.522998,0.478266,0.462159,0.478266,0.522998,0.5839,0.638205,0.656508,
0.655606,0.636287,0.579366,0.515803,0.469297,0.452589,0.469297,0.515803,0.579366,0.636287,0.655606,

0.870509,
0.745419,0.744144,0.7407,0.73639,0.7329,0.731568,0.7329,0.73639,0.7407,0.744144,0.745419,
0.734773,0.734333,0.733246,0.731876,0.730789,0.73036,0.730789,0.731876,0.733246,0.734333,0.734773,
0.731156,0.729526,0.724892,0.719166,0.714566,0.712817,0.714566,0.719166,0.724892,0.729526,0.731156,
0.72309,0.719885,0.710411,0.698853,0.689636,0.68616,0.689636,0.698853,0.710411,0.719885,0.72309,
0.714773,0.709223,0.692517,0.672377,0.65648,0.650527,0.65648,0.672377,0.692517,0.709223,0.714773,
0.703458,0.695375,0.670795,0.641589,0.618856,0.610406,0.618856,0.641589,0.670795,0.695375,0.703458,
0.692615,0.681621,0.648148,0.608959,0.578904,0.567821,0.578904,0.608959,0.648148,0.681621,0.692615,
0.681224,0.667418,0.625574,0.577356,0.540964,0.527661,0.540964,0.577356,0.625574,0.667418,0.681224,
0.672222,0.655749,0.606298,0.550137,0.508364,0.493216,0.508364,0.550137,0.606298,0.655749,0.672222,
0.665507,0.647076,0.592345,0.530937,0.485808,0.469552,0.485808,0.530937,0.592345,0.647076,0.665507,
0.664646,0.645191,0.587819,0.523719,0.476791,0.459926,0.476791,0.523719,0.587819,0.645191,0.664646,

0.884715,
0.75596,0.754672,0.751184,0.746819,0.743283,0.741935,0.743283,0.746819,0.751184,0.754672,0.75596,
0.74519,0.744748,0.74365,0.742267,0.741168,0.740736,0.741168,0.742267,0.74365,0.744748,0.74519,
0.741565,0.739922,0.73524,0.729456,0.724808,0.723041,0.724808,0.729456,0.73524,0.739922,0.741565,
0.733458,0.730226,0.720658,0.708985,0.699674,0.696163,0.699674,0.708985,0.720658,0.730226,0.733458,
0.725127,0.719527,0.702655,0.682314,0.666254,0.66024,0.666254,0.682314,0.702655,0.719527,0.725127,
0.713777,0.705621,0.680805,0.651313,0.628351,0.619815,0.628351,0.651313,0.680805,0.705621,0.713777,
0.702928,0.691838,0.658048,0.618477,0.588116,0.57692,0.588116,0.618477,0.658048,0.691838,0.702928,
0.691522,0.677601,0.635372,0.586694,0.549937,0.536498,0.549937,0.586694,0.635372,0.677601,0.691522,
0.682535,0.665928,0.616032,0.559339,0.517146,0.501842,0.517146,0.559339,0.616032,0.665928,0.682535,
0.675824,0.657249,0.602038,0.540058,0.494478,0.478055,0.494478,0.540058,0.602038,0.657249,0.675824,
0.675011,0.655402,0.597521,0.532814,0.485408,0.468365,0.485408,0.532814,0.597521,0.655402,0.675011,

0.896126,
0.764406,0.763108,0.759583,0.755175,0.751603,0.750242,0.751603,0.755175,0.759583,0.763108,0.764406,
0.753537,0.753094,0.751987,0.750593,0.749486,0.74905,0.749486,0.750593,0.751987,0.753094,0.753537,
0.749907,0.748253,0.743533,0.737703,0.733016,0.731236,0.733016,0.737703,0.743533,0.748253,0.749907,
0.741769,0.738514,0.728872,0.717108,0.707723,0.704185,0.707723,0.717108,0.728872,0.738514,0.741769,
0.733428,0.727788,0.710785,0.690285,0.674096,0.668034,0.674096,0.690285,0.710785,0.727788,0.733428,
0.722052,0.713839,0.688836,0.659117,0.635972,0.627369,0.635972,0.659117,0.688836,0.713839,0.722052,
0.7112,0.700033,0.665993,0.626119,0.595517,0.584231,0.595517,0.626119,0.665993,0.700033,0.7112,
0.699784,0.685771,0.643238,0.594196,0.557149,0.543602,0.557149,0.594196,0.643238,0.685771,0.699784,
0.69081,0.674097,0.623849,0.566735,0.524209,0.508782,0.524209,0.566735,0.623849,0.674097,0.69081,
0.684103,0.665414,0.609823,0.54739,0.501453,0.484897,0.501453,0.54739,0.609823,0.665414,0.684103,
0.683328,0.663597,0.605313,0.540125,0.49234,0.475157,0.49234,0.540125,0.605313,0.663597,0.683328,

0.912474,
0.776469,0.775156,0.771581,0.767111,0.763489,0.762109,0.763489,0.767111,0.771581,0.775156,0.776469,
0.76546,0.765016,0.763896,0.762488,0.761367,0.760928,0.761367,0.762488,0.763896,0.765016,0.76546,
0.761825,0.760156,0.755382,0.749487,0.744746,0.742946,0.744746,0.749487,0.755382,0.760156,0.761825,
0.753645,0.750359,0.740611,0.72872,0.71923,0.715654,0.71923,0.72872,0.740611,0.750359,0.753645,
0.745292,0.739596,0.722408,0.701683,0.685312,0.679182,0.685312,0.701683,0.722408,0.739596,0.745292,
0.733882,0.725589,0.700321,0.670283,0.646882,0.638183,0.646882,0.670283,0.700321,0.725589,0.733882,
0.72303,0.711755,0.677361,0.637061,0.606117,0.594704,0.606117,0.637061,0.677361,0.711755,0.72303,
0.711601,0.697458,0.654498,0.604942,0.567487,0.553788,0.567487,0.604942,0.654498,0.697458,0.711601,
0.702647,0.685785,0.635041,0.577334,0.534338,0.518736,0.534338,0.577334,0.635041,0.685785,0.702647,
0.695948,0.677097,0.620971,0.557899,0.511458,0.494715,0.511458,0.557899,0.620971,0.677097,0.695948,
0.695227,0.675325,0.616473,0.550606,0.502286,0.484904,0.502286,0.550606,0.616473,0.675325,0.695227,

0.921437,
0.783066,0.781745,0.778143,0.77364,0.76999,0.7686,0.76999,0.77364,0.778143,0.781745,0.783066,
0.771982,0.771537,0.770411,0.768994,0.767867,0.767425,0.767867,0.768994,0.770411,0.771537,0.771982,
0.768344,0.766667,0.761864,0.755934,0.751164,0.749353,0.751164,0.755934,0.761864,0.766667,0.768344,
0.760142,0.756839,0.747035,0.735075,0.725528,0.721931,0.725528,0.735075,0.747035,0.756839,0.760142,
0.751785,0.746059,0.728771,0.707924,0.691454,0.685288,0.691454,0.707924,0.728771,0.746059,0.751785,
0.740357,0.732021,0.706611,0.6764,0.652859,0.644109,0.652859,0.6764,0.706611,0.732021,0.740357,
0.729506,0.718174,0.683588,0.643058,0.611929,0.600448,0.611929,0.643058,0.683588,0.718174,0.729506,
0.718072,0.70386,0.660668,0.610834,0.573158,0.559377,0.573158,0.610834,0.660668,0.70386,0.718072,
0.70913,0.692187,0.641175,0.583147,0.539897,0.524201,0.539897,0.583147,0.641175,0.692187,0.70913,
0.702435,0.683497,0.627082,0.563665,0.516951,0.500107,0.516951,0.563665,0.627082,0.683497,0.702435,
0.701744,0.68175,0.62259,0.556357,0.507747,0.490257,0.507747,0.556357,0.62259,0.68175,0.701744,

0.936159,
0.793875,0.792541,0.788896,0.784339,0.780643,0.779238,0.780643,0.784339,0.788896,0.792541,0.793875,
0.782669,0.782224,0.781086,0.779657,0.778517,0.778072,0.778517,0.779657,0.781086,0.782224,0.782669,
0.779028,0.777339,0.772488,0.766501,0.761683,0.759856,0.761683,0.766501,0.772488,0.777339,0.779028,
0.770792,0.767463,0.757566,0.745494,0.735855,0.732225,0.735855,0.745494,0.757566,0.767463,0.770792,
0.76243,0.756654,0.739204,0.718161,0.70153,0.695305,0.70153,0.718161,0.739204,0.756654,0.76243,
0.750975,0.742569,0.716928,0.686438,0.662671,0.653837,0.662671,0.686438,0.716928,0.742569,0.750975,
0.740128,0.728702,0.693806,0.652902,0.621474,0.609881,0.621474,0.652902,0.693806,0.728702,0.740128,
0.728687,0.714361,0.670795,0.620511,0.582476,0.568562,0.582476,0.620511,0.670795,0.714361,0.728687,
0.719766,0.702692,0.651245,0.592698,0.549036,0.533186,0.549036,0.592698,0.651245,0.702692,0.719766,
0.713078,0.693999,0.637116,0.573139,0.525984,0.508975,0.525984,0.573139,0.637116,0.693999,0.713078,
0.712437,0.692292,0.632635,0.565808,0.516728,0.499063,0.516728,0.565808,0.632635,0.692292,0.712437,

0.946924,
0.80176,0.800417,0.796739,0.792144,0.788416,0.786999,0.788416,0.792144,0.796739,0.800417,0.80176,
0.790466,0.79002,0.788874,0.787436,0.786288,0.785841,0.786288,0.787436,0.788874,0.79002,0.790466,
0.786823,0.785125,0.780241,0.774212,0.76936,0.76752,0.76936,0.774212,0.780241,0.785125,0.786823,
0.778564,0.775215,0.765252,0.7531,0.743395,0.73974,0.743395,0.7531,0.765252,0.775215,0.778564,
0.770199,0.764388,0.746821,0.725636,0.70889,0.702622,0.70889,0.725636,0.746821,0.764388,0.770199,
0.758727,0.750271,0.724463,0.693771,0.669841,0.660947,0.669841,0.693771,0.724463,0.750271,0.758727,
0.747884,0.73639,0.701272,0.660098,0.628455,0.616781,0.628455,0.660098,0.701272,0.73639,0.747884,
0.736439,0.722032,0.678196,0.627588,0.589295,0.575284,0.589295,0.627588,0.678196,0.722032,0.736439,
0.727534,0.710366,0.658607,0.599685,0.555725,0.539765,0.555725,0.599685,0.658607,0.710366,0.727534,
0.720853,0.701672,0.644452,0.580072,0.532597,0.515471,0.532597,0.580072,0.644452,0.701672,0.720853,
0.720248,0.699994,0.63998,0.572723,0.523304,0.505514,0.523304,0.572723,0.63998,0.699994,0.720248,

0.963614,
0.81395,0.812594,0.808867,0.804212,0.800435,0.799,0.800435,0.804212,0.808867,0.812594,0.81395,
0.802523,0.802076,0.800918,0.799466,0.798305,0.797854,0.798305,0.799466,0.800918,0.802076,0.802523,
0.798879,0.797167,0.792231,0.786139,0.781235,0.779376,0.781235,0.786139,0.792231,0.797167,0.798879,
0.790586,0.787208,0.777143,0.764867,0.755061,0.751369,0.755061,0.764867,0.777143,0.787208,0.790586,
0.782219,0.776354,0.758609,0.737207,0.720284,0.713952,0.720284,0.737207,0.758609,0.776354,0.782219,
0.770723,0.76219,0.736128,0.705128,0.68095,0.671963,0.68095,0.705128,0.736128,0.76219,0.770723,
0.75989,0.748292,0.712833,0.671248,0.639275,0.627479,0.639275,0.671248,0.712833,0.748292,0.75989,
0.748441,0.733909,0.689661,0.638558,0.59987,0.585713,0.59987,0.638558,0.689661,0.733909,0.748441,
0.739562,0.722249,0.670013,0.61052,0.566106,0.549977,0.566106,0.61052,0.670013,0.722249,0.739562,
0.73289,0.713555,0.65582,0.590825,0.542863,0.525555,0.542863,0.590825,0.65582,0.713555,0.73289,
0.732342,0.711923,0.651361,0.583451,0.533513,0.51553,0.533513,0.583451,0.651361,0.711923,0.732342,

0.97304,
0.820818,0.819454,0.815701,0.811013,0.807208,0.805763,0.807208,0.811013,0.815701,0.819454,0.820818,
0.809317,0.80887,0.807705,0.806245,0.805077,0.804624,0.805077,0.806245,0.807705,0.80887,0.809317,
0.805672,0.803953,0.798988,0.792862,0.787928,0.786059,0.787928,0.792862,0.798988,0.803953,0.805672,
0.797362,0.793967,0.783847,0.771502,0.761639,0.757927,0.761639,0.771502,0.783847,0.793967,0.797362,
0.788995,0.783101,0.765256,0.743734,0.726713,0.720343,0.726713,0.743734,0.765256,0.783101,0.788995,
0.777487,0.768911,0.742708,0.711537,0.68722,0.678182,0.68722,0.711537,0.742708,0.768911,0.777487,
0.76666,0.755005,0.719357,0.677543,0.645386,0.633521,0.645386,0.677543,0.719357,0.755005,0.76666,
0.75521,0.740609,0.696132,0.644754,0.605846,0.591607,0.605846,0.644754,0.696132,0.740609,0.75521,
0.746347,0.728955,0.676453,0.616642,0.571974,0.555751,0.571974,0.616642,0.676453,0.728955,0.746347,
0.739682,0.720261,0.662239,0.596902,0.548668,0.53126,0.548668,0.596902,0.662239,0.720261,0.739682,
0.739165,0.718654,0.657788,0.589513,0.539287,0.521196,0.539287,0.589513,0.657788,0.718654,0.739165,

0.989643,
0.832887,0.83151,0.827709,0.822964,0.81911,0.817648,0.81911,0.822964,0.827709,0.83151,0.832887,
0.821257,0.820809,0.819632,0.818159,0.816979,0.816521,0.816979,0.818159,0.819632,0.820809,0.821257,
0.817613,0.815881,0.810865,0.804679,0.799694,0.797807,0.799694,0.804679,0.810865,0.815881,0.817613,
0.809273,0.80585,0.795632,0.783168,0.773207,0.769459,0.773207,0.783168,0.795632,0.80585,0.809273,
0.800909,0.794963,0.776946,0.755214,0.738022,0.73159,0.738022,0.755214,0.776946,0.794963,0.800909,
0.789382,0.780732,0.754283,0.722815,0.698258,0.689131,0.698258,0.722815,0.754283,0.780732,0.789382,
0.778569,0.766814,0.730837,0.688626,0.656149,0.644167,0.656149,0.688626,0.730837,0.766814,0.778569,
0.767119,0.752398,0.707524,0.655667,0.616377,0.601996,0.616377,0.655667,0.707524,0.752398,0.767119,
0.758284,0.740753,0.687792,0.627428,0.582321,0.565934,0.582321,0.627428,0.687792,0.740753,0.758284,
0.751631,0.73206,0.673543,0.607611,0.558906,0.541322,0.558906,0.607611,0.673543,0.73206,0.751631,
0.75117,0.730499,0.669106,0.600198,0.54947,0.531193,0.54947,0.600198,0.669106,0.730499,0.75117,

1,
0.840397,0.839012,0.835182,0.830401,0.826518,0.825045,0.826518,0.830401,0.835182,0.839012,0.840397,
0.828687,0.828239,0.827055,0.825574,0.824386,0.823927,0.824386,0.825574,0.827055,0.828239,0.828687,
0.825045,0.823305,0.818259,0.812035,0.807019,0.805121,0.807019,0.812035,0.818259,0.823305,0.825045,
0.816688,0.813248,0.802969,0.790433,0.780411,0.776642,0.780411,0.790433,0.802969,0.813248,0.816688,
0.808327,0.802349,0.784226,0.762365,0.745069,0.738598,0.745069,0.762365,0.784226,0.802349,0.808327,
0.79679,0.788094,0.761495,0.729844,0.705139,0.695957,0.705139,0.729844,0.761495,0.788094,0.79679,
0.785986,0.774171,0.737991,0.695537,0.662863,0.650808,0.662863,0.695537,0.737991,0.774171,0.785986,
0.774538,0.759743,0.714625,0.662475,0.62295,0.608482,0.62295,0.662475,0.714625,0.759743,0.774538,
0.765722,0.748105,0.694861,0.634158,0.588781,0.572294,0.588781,0.634158,0.694861,0.748105,0.765722,
0.759076,0.739414,0.680591,0.614295,0.565299,0.547608,0.565299,0.614295,0.680591,0.739414,0.759076,
0.75865,0.737881,0.676163,0.606867,0.55583,0.537438,0.55583,0.606867,0.676163,0.737881,0.75865,

