t,0,0.01,0.02,0.03,0.04,0.05,0.06,0.07,0.08,0.09,0.1,0.11,0.12,0.13,0.14,0.15,0.16,0.17,0.18,0.19,0.2,0.21,0.22,0.23,0.24,0.25,0.26,0.27,0.28,0.29,0.3,0.31,0.32,0.33,0.34,0.35,0.36,0.37,0.38,0.39,0.4,0.41,0.42,0.43,0.44,0.45,0.46,0.47,0.48,0.49,0.5,0.51,0.52,0.53,0.54,0.55,0.56,0.57,0.58,0.59,0.6,0.61,0.62,0.63,0.64,0.65,0.66,0.67,0.68,0.69,0.7,0.71,0.72,0.73,0.74,0.75,0.76,0.77,0.78,0.79,0.8,0.81,0.82,0.83,0.84,0.85,0.86,0.87,0.88,0.89,0.9,0.91,0.92,0.93,0.94,0.95,0.96,0.97,0.98,0.99,1,
0,1,0.999507,0.998027,0.995562,0.992115,0.987688,0.982287,0.975917,0.968583,0.960294,0.951057,0.940881,0.929776,0.917755,0.904827,0.891007,0.876307,0.860742,0.844328,0.827081,0.809017,0.790155,0.770513,0.750111,0.728969,0.707107,0.684547,0.661312,0.637424,0.612907,0.587785,0.562083,0.535827,0.509041,0.481754,0.45399,0.425779,0.397148,0.368125,0.338738,0.309017,0.278991,0.24869,0.218143,0.187381,0.156434,0.125333,0.0941083,0.0627905,0.0314108,6.12323e-17,-0.0314108,-0.0627905,-0.0941083,-0.125333,-0.156434,-0.187381,-0.218143,-0.24869,-0.278991,-0.309017,-0.338738,-0.368125,-0.397148,-0.425779,-0.45399,-0.481754,-0.509041,-0.535827,-0.562083,-0.587785,-0.612907,-0.637424,-0.661312,-0.684547,-0.707107,-0.728969,-0.750111,-0.770513,-0.790155,-0.809017,-0.827081,-0.844328,-0.860742,-0.876307,-0.891007,-0.904827,-0.917755,-0.929776,-0.940881,-0.951057,-0.960294,-0.968583,-0.975917,-0.982287,-0.987688,-0.992115,-0.995562,-0.998027,-0.999507,-1
0.02,0.99804,0.997548,0.996071,0.993611,0.990171,0.985753,0.980362,0.974004,0.966685,0.958412,0.949193,0.939037,0.927955,0.915956,0.903054,0.889261,0.87459,0.859055,0.842673,0.82546,0.807432,0.788607,0.769003,0.748641,0.72754,0.705721,0.683206,0.660016,0.636175,0.611706,0.586633,0.560982,0.534777,0.508044,0.48081,0.453101,0.424945,0.39637,0.367403,0.338074,0.308411,0.278444,0.248203,0.217716,0.187014,0.156128,0.125088,0.0939239,0.0626675,0.0313492,6.01353e-17,-0.0313492,-0.0626675,-0.0939239,-0.125088,-0.156128,-0.187014,-0.217716,-0.248203,-0.278444,-0.308411,-0.338074,-0.367403,-0.39637,-0.424945,-0.453101,-0.48081,-0.508044,-0.534777,-0.560982,-0.586633,-0.611706,-0.636175,-0.660016,-0.683206,-0.705721,-0.72754,-0.748641,-0.769003,-0.788607,-0.807432,-0.82546,-0.842673,-0.859055,-0.87459,-0.889261,-0.903054,-0.915956,-0.927955,-0.939037,-0.949193,-0.958412,-0.966685,-0.974004,-0.980362,-0.985753,-0.990171,-0.993611,-0.996071,-0.997548,-0.99804
0.04,0.99222,0.991732,0.990263,0.987818,0.984397,0.980005,0.974646,0.968325,0.961049,0.952824,0.943659,0.933562,0.922544,0.910616,0.897789,0.884076,0.86949,0.854047,0.83776,0.820647,0.802724,0.784009,0.76452,0.744276,0.723298,0.701606,0.679222,0.656168,0.632466,0.608139,0.583213,0.557711,0.531659,0.505082,0.478006,0.450459,0.422467,0.394059,0.365261,0.336103,0.306613,0.276821,0.246755,0.216446,0.185924,0.155218,0.124358,0.0933763,0.0623021,0.0311664,-9.69424e-18,-0.0311664,-0.0623021,-0.0933763,-0.124358,-0.155218,-0.185924,-0.216446,-0.246755,-0.276821,-0.306613,-0.336103,-0.365261,-0.394059,-0.422467,-0.450459,-0.478006,-0.505082,-0.531659,-0.557711,-0.583213,-0.608139,-0.632466,-0.656168,-0.679222,-0.701606,-0.723298,-0.744276,-0.76452,-0.784009,-0.802724,-0.820647,-0.83776,-0.854047,-0.86949,-0.884076,-0.897789,-0.910616,-0.922544,-0.933562,-0.943659,-0.952824,-0.961049,-0.968325,-0.974646,-0.980005,-0.984397,-0.987818,-0.990263,-0.991732,-0.99222
0.0545412,0.985622,0.985137,0.983677,0.981249,0.977851,0.973489,0.968165,0.961886,0.954658,0.946488,0.937384,0.927354,0.916409,0.90456,0.891819,0.878197,0.863708,0.848367,0.832189,0.81519,0.797386,0.778795,0.759436,0.739327,0.718489,0.696941,0.674706,0.651804,0.62826,0.604096,0.579335,0.554003,0.528123,0.501723,0.474828,0.447464,0.419658,0.391438,0.362832,0.333868,0.304574,0.27498,0.245115,0.215007,0.184687,0.154185,0.123531,0.0927554,0.0618878,0.0309592,-6.67774e-17,-0.0309592,-0.0618878,-0.0927554,-0.123531,-0.154185,-0.184687,-0.215007,-0.245115,-0.27498,-0.304574,-0.333868,-0.362832,-0.391438,-0.419658,-0.447464,-0.474828,-0.501723,-0.528123,-0.554003,-0.579335,-0.604096,-0.62826,-0.651804,-0.674706,-0.696941,-0.718489,-0.739327,-0.759436,-0.778795,-0.797386,-0.81519,-0.832189,-0.848367,-0.863708,-0.878197,-0.891819,-0.90456,-0.916409,-0.927354,-0.937384,-0.946488,-0.954658,-0.961886,-0.968165,-0.973489,-0.977851,-0.981249,-0.983677,-0.985137,-0.985622
0.0730014,0.974448,0.973969,0.972526,0.970125,0.966765,0.962453,0.957189,0.950982,0.943836,0.935758,0.926757,0.916841,0.906021,0.894306,0.881709,0.868241,0.853917,0.83875,0.822755,0.805949,0.788347,0.769967,0.750827,0.730946,0.710343,0.68904,0.667057,0.644415,0.621138,0.597247,0.572767,0.547722,0.522136,0.496035,0.469445,0.442391,0.414901,0.387001,0.358719,0.330083,0.301122,0.271863,0.242336,0.21257,0.182594,0.152438,0.122131,0.0917038,0.0611862,0.0306082,6.80859e-18,-0.0306082,-0.0611862,-0.0917038,-0.122131,-0.152438,-0.182594,-0.21257,-0.242336,-0.271863,-0.301122,-0.330083,-0.358719,-0.387001,-0.414901,-0.442391,-0.469445,-0.496035,-0.522136,-0.547722,-0.572767,-0.597247,-0.621138,-0.644415,-0.667057,-0.68904,-0.710343,-0.730946,-0.750827,-0.769967,-0.788347,-0.805949,-0.822755,-0.83875,-0.853917,-0.868241,-0.881709,-0.894306,-0.906021,-0.916841,-0.926757,-0.935758,-0.943836,-0.950982,-0.957189,-0.962453,-0.966765,-0.970125,-0.972526,-0.973969,-0.974448
0.0914616,0.960233,0.959762,0.958339,0.955974,0.952663,0.948414,0.943226,0.93711,0.930068,0.922108,0.913238,0.903467,0.892804,0.881261,0.868847,0.855576,0.841461,0.826515,0.810754,0.794192,0.776847,0.758735,0.739874,0.720283,0.699982,0.678989,0.657327,0.635015,0.612077,0.588535,0.564412,0.539732,0.51452,0.4888,0.462597,0.435938,0.408848,0.381356,0.353486,0.325268,0.296729,0.267897,0.238801,0.209469,0.17993,0.150214,0.120349,0.0903662,0.0602937,0.0301617,1.57234e-16,-0.0301617,-0.0602937,-0.0903662,-0.120349,-0.150214,-0.17993,-0.209469,-0.238801,-0.267897,-0.296729,-0.325268,-0.353486,-0.381356,-0.408848,-0.435938,-0.462597,-0.4888,-0.51452,-0.539732,-0.564412,-0.588535,-0.612077,-0.635015,-0.657327,-0.678989,-0.699982,-0.720283,-0.739874,-0.758735,-0.776847,-0.794192,-0.810754,-0.826515,-0.841461,-0.855576,-0.868847,-0.881261,-0.892804,-0.903467,-0.913238,-0.922108,-0.930068,-0.93711,-0.943226,-0.948414,-0.952663,-0.955974,-0.958339,-0.959762,-0.960233
0.107039,0.945949,0.945485,0.944082,0.941753,0.938491,0.934305,0.929195,0.92317,0.916232,0.908391,0.899653,0.890027,0.879523,0.868151,0.855922,0.842849,0.828943,0.81422,0.798693,0.782378,0.765291,0.747448,0.728868,0.709569,0.689569,0.668889,0.647548,0.625569,0.602972,0.57978,0.556016,0.531704,0.506866,0.481528,0.455716,0.429453,0.402766,0.375683,0.348228,0.32043,0.292315,0.263912,0.235249,0.206353,0.177254,0.147979,0.118559,0.0890219,0.0593968,0.029713,1.44884e-16,-0.029713,-0.0593968,-0.0890219,-0.118559,-0.147979,-0.177254,-0.206353,-0.235249,-0.263912,-0.292315,-0.32043,-0.348228,-0.375683,-0.402766,-0.429453,-0.455716,-0.481528,-0.506866,-0.531704,-0.556016,-0.57978,-0.602972,-0.625569,-0.647548,-0.668889,-0.689569,-0.709569,-0.728868,-0.747448,-0.765291,-0.782378,-0.798693,-0.81422,-0.828943,-0.842849,-0.855922,-0.868151,-0.879523,-0.890027,-0.899653,-0.908391,-0.916232,-0.92317,-0.929195,-0.934305,-0.938491,-0.941753,-0.944082,-0.945485,-0.945949
0.125342,0.926581,0.926127,0.924753,0.922472,0.919275,0.915176,0.91017,0.904269,0.897472,0.889793,0.881233,0.871805,0.861516,0.850377,0.838398,0.825592,0.811972,0.79755,0.782341,0.76636,0.749622,0.732145,0.713945,0.695041,0.675451,0.655194,0.63429,0.612761,0.590627,0.56791,0.544632,0.520817,0.496488,0.47167,0.446385,0.42066,0.39452,0.367991,0.341098,0.313869,0.28633,0.258509,0.230432,0.202128,0.173625,0.14495,0.116132,0.0871992,0.0581807,0.0291047,-7.54455e-18,-0.0291047,-0.0581807,-0.0871992,-0.116132,-0.14495,-0.173625,-0.202128,-0.230432,-0.258509,-0.28633,-0.313869,-0.341098,-0.367991,-0.39452,-0.42066,-0.446385,-0.47167,-0.496488,-0.520817,-0.544632,-0.56791,-0.590627,-0.612761,-0.63429,-0.655194,-0.675451,-0.695041,-0.713945,-0.732145,-0.749622,-0.76636,-0.782341,-0.79755,-0.811972,-0.825592,-0.838398,-0.850377,-0.861516,-0.871805,-0.881233,-0.889793,-0.897472,-0.904269,-0.91017,-0.915176,-0.919275,-0.922472,-0.924753,-0.926127,-0.926581
0.145537,0.902103,0.901661,0.900323,0.898103,0.89499,0.891,0.886125,0.88038,0.873763,0.866287,0.857953,0.848774,0.838756,0.827912,0.81625,0.803782,0.790522,0.776481,0.761673,0.746114,0.729819,0.712804,0.695085,0.67668,0.657607,0.637885,0.617534,0.596573,0.575024,0.552907,0.530245,0.507059,0.483373,0.459209,0.434593,0.409548,0.384098,0.35827,0.332087,0.305578,0.278766,0.25168,0.224345,0.196788,0.169038,0.14112,0.113064,0.0848957,0.0566437,0.0283358,-9.59634e-17,-0.0283358,-0.0566437,-0.0848957,-0.113064,-0.14112,-0.169038,-0.196788,-0.224345,-0.25168,-0.278766,-0.305578,-0.332087,-0.35827,-0.384098,-0.409548,-0.434593,-0.459209,-0.483373,-0.507059,-0.530245,-0.552907,-0.575024,-0.596573,-0.617534,-0.637885,-0.657607,-0.67668,-0.695085,-0.712804,-0.729819,-0.746114,-0.761673,-0.776481,-0.790522,-0.803782,-0.81625,-0.827912,-0.838756,-0.848774,-0.857953,-0.866287,-0.873763,-0.88038,-0.886125,-0.891,-0.89499,-0.898103,-0.900323,-0.901661,-0.902103
0.163492,0.877729,0.8773,0.875997,0.873837,0.870809,0.866926,0.862183,0.856594,0.850155,0.842881,0.834772,0.825842,0.816094,0.805543,0.794196,0.782066,0.769163,0.755501,0.741094,0.725956,0.710101,0.693545,0.676305,0.658397,0.63984,0.620651,0.600849,0.580455,0.559488,0.537969,0.515918,0.493359,0.470313,0.446802,0.422851,0.398482,0.37372,0.34859,0.323115,0.297321,0.271234,0.24488,0.218283,0.191471,0.164471,0.137308,0.110009,0.0826019,0.0551133,0.0275702,-9.12318e-17,-0.0275702,-0.0551133,-0.0826019,-0.110009,-0.137308,-0.164471,-0.191471,-0.218283,-0.24488,-0.271234,-0.297321,-0.323115,-0.34859,-0.37372,-0.398482,-0.422851,-0.446802,-0.470313,-0.493359,-0.515918,-0.537969,-0.559488,-0.580455,-0.600849,-0.620651,-0.63984,-0.658397,-0.676305,-0.693545,-0.710101,-0.725956,-0.741094,-0.755501,-0.769163,-0.782066,-0.794196,-0.805543,-0.816094,-0.825842,-0.834772,-0.842881,-0.850155,-0.856594,-0.862183,-0.866926,-0.870809,-0.873837,-0.875997,-0.8773,-0.877729
0.181446,0.851022,0.850607,0.849344,0.84725,0.844313,0.840549,0.83595,0.830531,0.824288,0.817236,0.809373,0.800715,0.791263,0.781034,0.770031,0.75827,0.74576,0.732514,0.718545,0.703868,0.688495,0.672443,0.655727,0.638365,0.620372,0.601767,0.582568,0.562794,0.542465,0.5216,0.500221,0.478348,0.456003,0.433208,0.409985,0.386358,0.36235,0.337983,0.313284,0.288275,0.262982,0.237429,0.211642,0.185646,0.159467,0.13313,0.106662,0.0800887,0.0534364,0.0267314,-1.37825e-16,-0.0267314,-0.0534364,-0.0800887,-0.106662,-0.13313,-0.159467,-0.185646,-0.211642,-0.237429,-0.262982,-0.288275,-0.313284,-0.337983,-0.36235,-0.386358,-0.409985,-0.433208,-0.456003,-0.478348,-0.500221,-0.5216,-0.542465,-0.562794,-0.582568,-0.601767,-0.620372,-0.638365,-0.655727,-0.672443,-0.688495,-0.703868,-0.718545,-0.732514,-0.74576,-0.75827,-0.770031,-0.781034,-0.791263,-0.800715,-0.809373,-0.817236,-0.824288,-0.830531,-0.83595,-0.840549,-0.844313,-0.84725,-0.849344,-0.850607,-0.851022
0.200461,0.820337,0.819937,0.818719,0.816701,0.813869,0.810242,0.805808,0.800585,0.794566,0.787769,0.780189,0.771844,0.762732,0.752872,0.742266,0.73093,0.71887,0.706102,0.692637,0.678489,0.66367,0.648197,0.632084,0.615347,0.598003,0.580069,0.561562,0.542502,0.522905,0.502793,0.482185,0.4611,0.439561,0.417588,0.395203,0.372427,0.349284,0.325797,0.301988,0.277881,0.253499,0.228868,0.204011,0.178952,0.153717,0.12833,0.102816,0.077201,0.0515097,0.0257675,-1.49758e-16,-0.0257675,-0.0515097,-0.077201,-0.102816,-0.12833,-0.153717,-0.178952,-0.204011,-0.228868,-0.253499,-0.277881,-0.301988,-0.325797,-0.349284,-0.372427,-0.395203,-0.417588,-0.439561,-0.4611,-0.482185,-0.502793,-0.522905,-0.542502,-0.561562,-0.580069,-0.598003,-0.615347,-0.632084,-0.648197,-0.66367,-0.678489,-0.692637,-0.706102,-0.71887,-0.73093,-0.742266,-0.752872,-0.762732,-0.771844,-0.780189,-0.787769,-0.794566,-0.800585,-0.805808,-0.810242,-0.813869,-0.816701,-0.818719,-0.819937,-0.820337
0.215811,0.793865,0.793478,0.792299,0.790346,0.787606,0.784096,0.779805,0.774751,0.768926,0.762348,0.755012,0.746937,0.738119,0.728578,0.718313,0.707343,0.695672,0.683317,0.670286,0.656594,0.642254,0.62728,0.611687,0.59549,0.578706,0.561351,0.543441,0.524995,0.506032,0.486568,0.466625,0.446221,0.425377,0.404113,0.38245,0.360409,0.338013,0.315284,0.292243,0.268914,0.245319,0.221483,0.197427,0.173177,0.148756,0.124189,0.0994983,0.0747097,0.0498475,0.024936,-5.76244e-17,-0.024936,-0.0498475,-0.0747097,-0.0994983,-0.124189,-0.148756,-0.173177,-0.197427,-0.221483,-0.245319,-0.268914,-0.292243,-0.315284,-0.338013,-0.360409,-0.38245,-0.404113,-0.425377,-0.446221,-0.466625,-0.486568,-0.506032,-0.524995,-0.543441,-0.561351,-0.578706,-0.59549,-0.611687,-0.62728,-0.642254,-0.656594,-0.670286,-0.683317,-0.695672,-0.707343,-0.718313,-0.728578,-0.738119,-0.746937,-0.755012,-0.762348,-0.768926,-0.774751,-0.779805,-0.784096,-0.787606,-0.790346,-0.792299,-0.793478,-0.793865
0.234641,0.759452,0.759082,0.757954,0.756086,0.753464,0.750107,0.746001,0.741167,0.735594,0.729302,0.722283,0.714558,0.706122,0.696995,0.687175,0.676681,0.665515,0.653696,0.641229,0.628132,0.614413,0.600089,0.585171,0.569677,0.55362,0.537017,0.519884,0.502238,0.484096,0.465476,0.446397,0.426878,0.406937,0.386595,0.365871,0.344786,0.323361,0.301617,0.279575,0.257257,0.234685,0.211882,0.188869,0.16567,0.142308,0.118805,0.0951852,0.0714712,0.0476867,0.0238551,-6.47438e-18,-0.0238551,-0.0476867,-0.0714712,-0.0951852,-0.118805,-0.142308,-0.16567,-0.188869,-0.211882,-0.234685,-0.257257,-0.279575,-0.301617,-0.323361,-0.344786,-0.365871,-0.386595,-0.406937,-0.426878,-0.446397,-0.465476,-0.484096,-0.502238,-0.519884,-0.537017,-0.55362,-0.569677,-0.585171,-0.600089,-0.614413,-0.628132,-0.641229,-0.653696,-0.665515,-0.676681,-0.687175,-0.696995,-0.706122,-0.714558,-0.722283,-0.729302,-0.735594,-0.741167,-0.746001,-0.750107,-0.753464,-0.756086,-0.757954,-0.759082,-0.759452
0.254739,0.720528,0.720178,0.719107,0.717336,0.714848,0.711663,0.707767,0.703181,0.697893,0.691924,0.685265,0.677937,0.669932,0.661273,0.651956,0.642,0.631407,0.620194,0.608365,0.59594,0.582923,0.569334,0.55518,0.54048,0.525246,0.509494,0.493239,0.476498,0.459286,0.44162,0.423519,0.405,0.386081,0.366782,0.34712,0.327116,0.306788,0.286159,0.265246,0.244072,0.222657,0.201023,0.17919,0.15718,0.135015,0.112716,0.0903068,0.0678082,0.0452427,0.0226325,-9.79386e-17,-0.0226325,-0.0452427,-0.0678082,-0.0903068,-0.112716,-0.135015,-0.15718,-0.17919,-0.201023,-0.222657,-0.244072,-0.265246,-0.286159,-0.306788,-0.327116,-0.34712,-0.366782,-0.386081,-0.405,-0.423519,-0.44162,-0.459286,-0.476498,-0.493239,-0.509494,-0.525246,-0.54048,-0.55518,-0.569334,-0.582923,-0.59594,-0.608365,-0.620194,-0.631407,-0.642,-0.651956,-0.661273,-0.669932,-0.677937,-0.685265,-0.691924,-0.697893,-0.703181,-0.707767,-0.711663,-0.714848,-0.717336,-0.719107,-0.720178,-0.720528
0.271444,0.686596,0.686262,0.685241,0.683554,0.681182,0.678148,0.674435,0.670065,0.665026,0.659338,0.652992,0.646009,0.638382,0.630131,0.621252,0.611766,0.60167,0.590986,0.579714,0.567874,0.55547,0.542521,0.529034,0.515027,0.50051,0.4855,0.47001,0.454057,0.437656,0.420822,0.403574,0.385927,0.367899,0.349508,0.330772,0.31171,0.29234,0.272682,0.252755,0.232578,0.212171,0.191556,0.170751,0.149777,0.128656,0.107408,0.0860539,0.0646148,0.043112,0.0215667,-4.87721e-17,-0.0215667,-0.043112,-0.0646148,-0.0860539,-0.107408,-0.128656,-0.149777,-0.170751,-0.191556,-0.212171,-0.232578,-0.252755,-0.272682,-0.29234,-0.31171,-0.330772,-0.349508,-0.367899,-0.385927,-0.403574,-0.420822,-0.437656,-0.454057,-0.47001,-0.4855,-0.50051,-0.515027,-0.529034,-0.542521,-0.55547,-0.567874,-0.579714,-0.590986,-0.60167,-0.611766,-0.621252,-0.630131,-0.638382,-0.646009,-0.652992,-0.659338,-0.665026,-0.670065,-0.674435,-0.678148,-0.681182,-0.683554,-0.685241,-0.686262,-0.686596
0.289952,0.647473,0.647159,0.646196,0.644605,0.642368,0.639507,0.636005,0.631885,0.627133,0.62177,0.615785,0.6092,0.602007,0.594227,0.585853,0.576908,0.567387,0.557312,0.546682,0.535517,0.523819,0.511609,0.498889,0.485681,0.471991,0.457837,0.443229,0.428185,0.412718,0.396844,0.380578,0.363937,0.346936,0.329593,0.311925,0.293949,0.275683,0.257145,0.238353,0.219326,0.200082,0.180641,0.161021,0.141243,0.121325,0.101288,0.0811506,0.0609331,0.0406555,0.0203378,1.47842e-16,-0.0203378,-0.0406555,-0.0609331,-0.0811506,-0.101288,-0.121325,-0.141243,-0.161021,-0.180641,-0.200082,-0.219326,-0.238353,-0.257145,-0.275683,-0.293949,-0.311925,-0.329593,-0.346936,-0.363937,-0.380578,-0.396844,-0.412718,-0.428185,-0.443229,-0.457837,-0.471991,-0.485681,-0.498889,-0.511609,-0.523819,-0.535517,-0.546682,-0.557312,-0.567387,-0.576908,-0.585853,-0.594227,-0.602007,-0.6092,-0.615785,-0.62177,-0.627133,-0.631885,-0.636005,-0.639507,-0.642368,-0.644605,-0.646196,-0.647159,-0.647473
0.30846,0.6069,0.606607,0.605703,0.604213,0.602115,0.599435,0.596151,0.59229,0.587835,0.582809,0.577198,0.571027,0.564283,0.556991,0.549142,0.540758,0.531833,0.52239,0.512425,0.501961,0.490995,0.47955,0.467628,0.455247,0.442414,0.429148,0.415455,0.401355,0.386856,0.371977,0.35673,0.341132,0.325197,0.308941,0.292379,0.27553,0.258408,0.241032,0.223417,0.205582,0.187544,0.169322,0.150932,0.132393,0.113723,0.0949411,0.0760656,0.057115,0.038108,0.0190634,1.56037e-16,-0.0190634,-0.038108,-0.057115,-0.0760656,-0.0949411,-0.113723,-0.132393,-0.150932,-0.169322,-0.187544,-0.205582,-0.223417,-0.241032,-0.258408,-0.27553,-0.292379,-0.308941,-0.325197,-0.341132,-0.35673,-0.371977,-0.386856,-0.401355,-0.415455,-0.429148,-0.442414,-0.455247,-0.467628,-0.47955,-0.490995,-0.501961,-0.512425,-0.52239,-0.531833,-0.540758,-0.549142,-0.556991,-0.564283,-0.571027,-0.577198,-0.582809,-0.587835,-0.59229,-0.596151,-0.599435,-0.602115,-0.604213,-0.605703,-0.606607,-0.6069
0.323103,0.573879,0.573601,0.572746,0.571338,0.569354,0.566819,0.563714,0.560063,0.55585,0.551098,0.545792,0.539957,0.53358,0.526685,0.519262,0.511335,0.502895,0.493966,0.484544,0.474649,0.46428,0.453458,0.442183,0.430477,0.418342,0.405798,0.39285,0.379517,0.365807,0.351738,0.33732,0.322571,0.307502,0.292131,0.276471,0.260538,0.244348,0.227917,0.211261,0.194396,0.17734,0.160109,0.142719,0.125189,0.107535,0.0897753,0.0719268,0.0540073,0.0360345,0.0180261,1.65313e-18,-0.0180261,-0.0360345,-0.0540073,-0.0719268,-0.0897753,-0.107535,-0.125189,-0.142719,-0.160109,-0.17734,-0.194396,-0.211261,-0.227917,-0.244348,-0.260538,-0.276471,-0.292131,-0.307502,-0.322571,-0.33732,-0.351738,-0.365807,-0.379517,-0.39285,-0.405798,-0.418342,-0.430477,-0.442183,-0.453458,-0.46428,-0.474649,-0.484544,-0.493966,-0.502895,-0.511335,-0.519262,-0.526685,-0.53358,-0.539957,-0.545792,-0.551098,-0.55585,-0.560063,-0.563714,-0.566819,-0.569354,-0.571338,-0.572746,-0.573601,-0.573879
0.341685,0.530943,0.530688,0.529896,0.528593,0.526757,0.524413,0.521539,0.518163,0.514264,0.509868,0.504958,0.49956,0.49366,0.487281,0.480413,0.47308,0.465271,0.457011,0.448292,0.439138,0.429544,0.419532,0.409101,0.398271,0.387043,0.375438,0.363458,0.351123,0.338439,0.325423,0.312083,0.298438,0.284497,0.270275,0.255787,0.241046,0.226067,0.210866,0.195456,0.179853,0.164072,0.14813,0.132042,0.115823,0.09949,0.0830588,0.0665456,0.0499668,0.0333386,0.0166775,-8.91364e-17,-0.0166775,-0.0333386,-0.0499668,-0.0665456,-0.0830588,-0.09949,-0.115823,-0.132042,-0.14813,-0.164072,-0.179853,-0.195456,-0.210866,-0.226067,-0.241046,-0.255787,-0.270275,-0.284497,-0.298438,-0.312083,-0.325423,-0.338439,-0.351123,-0.363458,-0.375438,-0.387043,-0.398271,-0.409101,-0.419532,-0.429544,-0.439138,-0.448292,-0.457011,-0.465271,-0.47308,-0.480413,-0.487281,-0.49366,-0.49956,-0.504958,-0.509868,-0.514264,-0.518163,-0.521539,-0.524413,-0.526757,-0.528593,-0.529896,-0.530688,-0.530943
0.362221,0.482332,0.482101,0.481381,0.480198,0.478529,0.4764,0.47379,0.470723,0.46718,0.463187,0.458726,0.453823,0.448463,0.442669,0.436429,0.429767,0.422673,0.415169,0.407248,0.398933,0.390217,0.381122,0.371645,0.361808,0.351607,0.341065,0.330181,0.318976,0.307453,0.295629,0.28351,0.271115,0.258449,0.24553,0.232368,0.218977,0.20537,0.19156,0.177561,0.163386,0.149051,0.134568,0.119953,0.105219,0.0903813,0.0754544,0.0604531,0.0453921,0.0302863,0.0151506,8.19727e-17,-0.0151506,-0.0302863,-0.0453921,-0.0604531,-0.0754544,-0.0903813,-0.105219,-0.119953,-0.134568,-0.149051,-0.163386,-0.177561,-0.19156,-0.20537,-0.218977,-0.232368,-0.24553,-0.258449,-0.271115,-0.28351,-0.295629,-0.307453,-0.318976,-0.330181,-0.341065,-0.351607,-0.361808,-0.371645,-0.381122,-0.390217,-0.398933,-0.407248,-0.415169,-0.422673,-0.429767,-0.436429,-0.442669,-0.448463,-0.453823,-0.458726,-0.463187,-0.46718,-0.470723,-0.47379,-0.4764,-0.478529,-0.480198,-0.481381,-0.482101,-0.482332
0.379035,0.441781,0.441569,0.440909,0.439826,0.438297,0.436348,0.433956,0.431147,0.427902,0.424245,0.420159,0.415669,0.410758,0.405452,0.399736,0.393635,0.387137,0.380265,0.373009,0.365394,0.35741,0.34908,0.340399,0.331389,0.322046,0.312391,0.302422,0.292159,0.281604,0.270774,0.259674,0.248321,0.23672,0.224888,0.212832,0.200567,0.188103,0.175455,0.162633,0.14965,0.13652,0.123255,0.109868,0.0963729,0.0827826,0.0691107,0.0553706,0.0415758,0.02774,0.0138769,1.88709e-16,-0.0138769,-0.02774,-0.0415758,-0.0553706,-0.0691107,-0.0827826,-0.0963729,-0.109868,-0.123255,-0.13652,-0.14965,-0.162633,-0.175455,-0.188103,-0.200567,-0.212832,-0.224888,-0.23672,-0.248321,-0.259674,-0.270774,-0.281604,-0.292159,-0.302422,-0.312391,-0.322046,-0.331389,-0.340399,-0.34908,-0.35741,-0.365394,-0.373009,-0.380265,-0.387137,-0.393635,-0.399736,-0.405452,-0.410758,-0.415669,-0.420159,-0.424245,-0.427902,-0.431147,-0.433956,-0.436348,-0.438297,-0.439826,-0.440909,-0.441569,-0.441781
0.396888,0.398127,0.397938,0.397342,0.396367,0.394989,0.393233,0.391076,0.388546,0.38562,0.382326,0.378643,0.374597,0.370171,0.36539,0.360238,0.35474,0.348883,0.342691,0.336152,0.329289,0.322094,0.314588,0.306764,0.298645,0.290224,0.281524,0.272539,0.263291,0.253778,0.244019,0.234015,0.223785,0.213329,0.202667,0.191801,0.180749,0.169517,0.158118,0.146563,0.134863,0.12303,0.111076,0.0990119,0.0868503,0.0746029,0.0622819,0.0498995,0.0374678,0.0249991,0.0125057,1.07852e-16,-0.0125057,-0.0249991,-0.0374678,-0.0498995,-0.0622819,-0.0746029,-0.0868503,-0.0990119,-0.111076,-0.12303,-0.134863,-0.146563,-0.158118,-0.169517,-0.180749,-0.191801,-0.202667,-0.213329,-0.223785,-0.234015,-0.244019,-0.253778,-0.263291,-0.272539,-0.281524,-0.290224,-0.298645,-0.306764,-0.314588,-0.322094,-0.329289,-0.336152,-0.342691,-0.348883,-0.35474,-0.360238,-0.36539,-0.370171,-0.374597,-0.378643,-0.382326,-0.38562,-0.388546,-0.391076,-0.393233,-0.394989,-0.396367,-0.397342,-0.397938,-0.398127
0.415779,0.351429,0.351263,0.350736,0.349876,0.348658,0.347109,0.345205,0.342972,0.340389,0.337482,0.33423,0.33066,0.326752,0.322532,0.317984,0.313132,0.307961,0.302496,0.296723,0.290666,0.284314,0.277689,0.270782,0.263616,0.256182,0.248503,0.240571,0.232409,0.224011,0.215398,0.206567,0.197536,0.188307,0.178896,0.169304,0.159549,0.149633,0.139572,0.129372,0.119045,0.108599,0.0980476,0.0873985,0.0766634,0.0658525,0.0549767,0.0440466,0.0330731,0.0220669,0.0110389,-9.58855e-17,-0.0110389,-0.0220669,-0.0330731,-0.0440466,-0.0549767,-0.0658525,-0.0766634,-0.0873985,-0.0980476,-0.108599,-0.119045,-0.129372,-0.139572,-0.149633,-0.159549,-0.169304,-0.178896,-0.188307,-0.197536,-0.206567,-0.215398,-0.224011,-0.232409,-0.240571,-0.248503,-0.256182,-0.263616,-0.270782,-0.277689,-0.284314,-0.290666,-0.296723,-0.302496,-0.307961,-0.313132,-0.317984,-0.322532,-0.326752,-0.33066,-0.33423,-0.337482,-0.340389,-0.342972,-0.345205,-0.347109,-0.348658,-0.349876,-0.350736,-0.351263,-0.351429
0.431622,0.31199,0.311842,0.311374,0.310612,0.30953,0.308155,0.306464,0.304482,0.302188,0.299608,0.29672,0.293551,0.290081,0.286336,0.282297,0.277991,0.273399,0.268548,0.263422,0.258046,0.252406,0.246525,0.240393,0.234032,0.227432,0.220615,0.213573,0.206327,0.198871,0.191225,0.183384,0.175368,0.167174,0.158819,0.150303,0.141643,0.13284,0.123909,0.114852,0.105685,0.0964116,0.0870442,0.0775901,0.0680599,0.0584622,0.048807,0.0391035,0.0293614,0.0195904,0.00980004,-1.91065e-16,-0.00980004,-0.0195904,-0.0293614,-0.0391035,-0.048807,-0.0584622,-0.0680599,-0.0775901,-0.0870442,-0.0964116,-0.105685,-0.114852,-0.123909,-0.13284,-0.141643,-0.150303,-0.158819,-0.167174,-0.175368,-0.183384,-0.191225,-0.198871,-0.206327,-0.213573,-0.220615,-0.227432,-0.234032,-0.240393,-0.246525,-0.252406,-0.258046,-0.263422,-0.268548,-0.273399,-0.277991,-0.282297,-0.286336,-0.290081,-0.293551,-0.29672,-0.299608,-0.302188,-0.304482,-0.306464,-0.308155,-0.30953,-0.310612,-0.311374,-0.311842,-0.31199
0.449226,0.267997,0.267872,0.267469,0.266815,0.265885,0.264705,0.263251,0.26155,0.259578,0.257363,0.254881,0.25216,0.249178,0.245962,0.242492,0.238794,0.234849,0.230683,0.226279,0.221661,0.216816,0.211765,0.206497,0.201033,0.195363,0.189508,0.183458,0.177235,0.170829,0.164262,0.157526,0.150641,0.143601,0.136425,0.12911,0.121672,0.114109,0.106437,0.0986576,0.0907833,0.082817,0.0747709,0.0666495,0.0584634,0.0502188,0.0419252,0.0335898,0.0252215,0.0168281,0.00841823,-1.13543e-16,-0.00841823,-0.0168281,-0.0252215,-0.0335898,-0.0419252,-0.0502188,-0.0584634,-0.0666495,-0.0747709,-0.082817,-0.0907833,-0.0986576,-0.106437,-0.114109,-0.121672,-0.12911,-0.136425,-0.143601,-0.150641,-0.157526,-0.164262,-0.170829,-0.177235,-0.183458,-0.189508,-0.195363,-0.201033,-0.206497,-0.211765,-0.216816,-0.221661,-0.226279,-0.230683,-0.234849,-0.238794,-0.242492,-0.245962,-0.249178,-0.25216,-0.254881,-0.257363,-0.259578,-0.26155,-0.263251,-0.264705,-0.265885,-0.266815,-0.267469,-0.267872,-0.267997
0.468675,0.219347,0.219247,0.218915,0.218381,0.217618,0.216654,0.215463,0.214072,0.212457,0.210645,0.208613,0.206387,0.203945,0.201314,0.198472,0.195447,0.192217,0.188808,0.185202,0.181424,0.177457,0.173324,0.169011,0.164541,0.159898,0.155107,0.150155,0.145062,0.139818,0.134444,0.12893,0.123296,0.117533,0.111661,0.105673,0.0995851,0.0933946,0.0871164,0.0807481,0.0743038,0.067783,0.0611981,0.0545504,0.0478508,0.0411025,0.0343147,0.0274922,0.0206431,0.0137733,0.00689011,2.70544e-17,-0.00689011,-0.0137733,-0.0206431,-0.0274922,-0.0343147,-0.0411025,-0.0478508,-0.0545504,-0.0611981,-0.067783,-0.0743038,-0.0807481,-0.0871164,-0.0933946,-0.0995851,-0.105673,-0.111661,-0.117533,-0.123296,-0.12893,-0.134444,-0.139818,-0.145062,-0.150155,-0.155107,-0.159898,-0.164541,-0.169011,-0.173324,-0.177457,-0.181424,-0.185202,-0.188808,-0.192217,-0.195447,-0.198472,-0.201314,-0.203945,-0.206387,-0.208613,-0.210645,-0.212457,-0.214072,-0.215463,-0.216654,-0.217618,-0.218381,-0.218915,-0.219247,-0.219347
0.485098,0.178359,0.178277,0.178006,0.177574,0.176952,0.176169,0.175199,0.17407,0.172755,0.171283,0.169629,0.167821,0.165834,0.163696,0.161384,0.158925,0.156297,0.153527,0.150593,0.147523,0.144295,0.140936,0.137428,0.133794,0.130018,0.126123,0.122095,0.117955,0.11369,0.109321,0.104837,0.100256,0.0955697,0.0907954,0.0859253,0.0809762,0.0759418,0.0708374,0.0656585,0.0604191,0.0551161,0.0497623,0.0443563,0.0389092,0.0334215,0.0279025,0.0223547,0.0167857,0.0111995,0.00560259,1.95372e-18,-0.00560259,-0.0111995,-0.0167857,-0.0223547,-0.0279025,-0.0334215,-0.0389092,-0.0443563,-0.0497623,-0.0551161,-0.0604191,-0.0656585,-0.0708374,-0.0759418,-0.0809762,-0.0859253,-0.0907954,-0.0955697,-0.100256,-0.104837,-0.109321,-0.11369,-0.117955,-0.122095,-0.126123,-0.130018,-0.133794,-0.137428,-0.140936,-0.144295,-0.147523,-0.150593,-0.153527,-0.156297,-0.158925,-0.161384,-0.163696,-0.165834,-0.167821,-0.169629,-0.171283,-0.172755,-0.17407,-0.175199,-0.176169,-0.176952,-0.177574,-0.178006,-0.178277,-0.178359
0.502168,0.135965,0.135905,0.135697,0.135369,0.134893,0.134298,0.133557,0.132698,0.131694,0.130574,0.129311,0.127934,0.126418,0.124789,0.123025,0.121152,0.119148,0.117037,0.1148,0.11246,0.109999,0.107439,0.104763,0.101994,0.0991149,0.0961471,0.093075,0.0899202,0.0866679,0.0833385,0.0799188,0.0764279,0.0728542,0.0692156,0.0655021,0.0617302,0.0578915,0.0540012,0.0500524,0.0460591,0.0420157,0.0379351,0.0338133,0.0296615,0.0254775,0.0212708,0.0170411,0.0127961,0.00853745,0.004271,-7.09859e-17,-0.004271,-0.00853745,-0.0127961,-0.0170411,-0.0212708,-0.0254775,-0.0296615,-0.0338133,-0.0379351,-0.0420157,-0.0460591,-0.0500524,-0.0540012,-0.0578915,-0.0617302,-0.0655021,-0.0692156,-0.0728542,-0.0764279,-0.0799188,-0.0833385,-0.0866679,-0.0899202,-0.093075,-0.0961471,-0.0991149,-0.101994,-0.104763,-0.107439,-0.109999,-0.11246,-0.1148,-0.117037,-0.119148,-0.121152,-0.123025,-0.124789,-0.126418,-0.127934,-0.129311,-0.130574,-0.131694,-0.132698,-0.133557,-0.134298,-0.134893,-0.135369,-0.135697,-0.135905,-0.135965
0.521583,0.0881565,0.0881206,0.0879833,0.0877729,0.0874619,0.0870787,0.0865956,0.0860408,0.0853875,0.0846635,0.0838424,0.0829519,0.0819664,0.080913,0.079767,0.0785548,0.0772527,0.0758866,0.0744336,0.0729188,0.0713207,0.0696633,0.0679262,0.0661329,0.0642638,0.0623415,0.0603477,0.058304,0.0561934,0.0540364,0.0518174,0.0495556,0.0472369,0.0448792,0.0424699,0.0400257,0.0375353,0.0350142,0.0324527,0.0298645,0.0272418,0.024597,0.0219235,0.0192324,0.0165186,0.0137919,0.0110488,0.00829698,0.0055353,0.0027693,-2.84328e-17,-0.0027693,-0.0055353,-0.00829698,-0.0110488,-0.0137919,-0.0165186,-0.0192324,-0.0219235,-0.024597,-0.0272418,-0.0298645,-0.0324527,-0.0350142,-0.0375353,-0.0400257,-0.0424699,-0.0448792,-0.0472369,-0.0495556,-0.0518174,-0.0540364,-0.0561934,-0.058304,-0.0603477,-0.0623415,-0.0642638,-0.0661329,-0.0679262,-0.0696633,-0.0713207,-0.0729188,-0.0744336,-0.0758866,-0.0772527,-0.0785548,-0.079767,-0.080913,-0.0819664,-0.0829519,-0.0838424,-0.0846635,-0.0853875,-0.0860408,-0.0865956,-0.0870787,-0.0874619,-0.0877729,-0.0879833,-0.0881206,-0.0881565
0.537472,0.0494661,0.0494481,0.0493676,0.049253,0.0490755,0.0488635,0.0485893,0.0482811,0.0479114,0.0475082,0.0470445,0.0465478,0.0459918,0.0454037,0.0447577,0.0440804,0.0433469,0.0425831,0.041765,0.0409178,0.0400184,0.039091,0.0381137,0.0371099,0.0360586,0.0349824,0.0338613,0.0327168,0.0315303,0.0303221,0.0290748,0.0278077,0.0265047,0.0251836,0.0238299,0.0224601,0.021061,0.0196479,0.018209,0.0167582,0.0152852,0.0138024,0.012301,0.0107921,0.0092683,0.00773921,0.00619912,0.00465578,0.00310565,0.00155397,-4.36258e-17,-0.00155397,-0.00310565,-0.00465578,-0.00619912,-0.00773921,-0.0092683,-0.0107921,-0.012301,-0.0138024,-0.0152852,-0.0167582,-0.018209,-0.0196479,-0.021061,-0.0224601,-0.0238299,-0.0251836,-0.0265047,-0.0278077,-0.0290748,-0.0303221,-0.0315303,-0.0327168,-0.0338613,-0.0349824,-0.0360586,-0.0371099,-0.0381137,-0.039091,-0.0400184,-0.0409178,-0.041765,-0.0425831,-0.0433469,-0.0440804,-0.0447577,-0.0454037,-0.0459918,-0.0465478,-0.0470445,-0.0475082,-0.0479114,-0.0482811,-0.0485893,-0.0488635,-0.0490755,-0.049253,-0.0493676,-0.0494481,-0.0494661
0.554157,0.00936243,0.00936476,0.00934382,0.0093278,0.00928851,0.00925403,0.00919647,0.00914374,0.00906817,0.00899736,0.00890404,0.00881547,0.0087048,0.00859879,0.00847118,0.00834818,0.00820413,0.00806462,0.00790471,0.00774923,0.00757405,0.00740326,0.00721356,0.00702808,0.00682453,0.00662515,0.00640859,0.00619608,0.00596739,0.00574256,0.00550256,0.00526637,0.00501606,0.0047694,0.00450979,0.00425361,0.00398564,0.00372103,0.00344577,0.00317376,0.00289239,0.00261397,0.00232758,0.00204387,0.00175354,0.00146569,0.00117268,0.000881737,0.000587412,0.000294299,-2.16834e-16,-0.000294299,-0.000587412,-0.000881737,-0.00117268,-0.00146569,-0.00175354,-0.00204387,-0.00232758,-0.00261397,-0.00289239,-0.00317376,-0.00344577,-0.00372103,-0.00398564,-0.00425361,-0.00450979,-0.0047694,-0.00501606,-0.00526637,-0.00550256,-0.00574256,-0.00596739,-0.00619608,-0.00640859,-0.00662515,-0.00682453,-0.00702808,-0.00721356,-0.00740326,-0.00757405,-0.00774923,-0.00790471,-0.00806462,-0.00820413,-0.00834818,-0.00847118,-0.00859879,-0.0087048,-0.00881547,-0.00890404,-0.00899736,-0.00906817,-0.00914374,-0.00919647,-0.00925403,-0.00928851,-0.0093278,-0.00934382,-0.00936476,-0.00936243
0.569857,-0.0277949,-0.0277734,-0.027739,-0.0276638,-0.0275751,-0.027445,-0.0273019,-0.0271179,-0.026921,-0.0266838,-0.0264339,-0.0261444,-0.0258425,-0.0255018,-0.0251491,-0.0247585,-0.0243565,-0.0239175,-0.0234677,-0.0229822,-0.0224863,-0.0219561,-0.0214162,-0.0208434,-0.0202615,-0.0196485,-0.019027,-0.018376,-0.0177173,-0.0170309,-0.0163377,-0.0156187,-0.0148936,-0.0141448,-0.0133907,-0.0126151,-0.011835,-0.0110356,-0.0102327,-0.00941255,-0.00858987,-0.00775236,-0.00691308,-0.00606157,-0.00520899,-0.00434686,-0.0034843,-0.002615,-0.00174568,-0.000872815,-2.895e-16,0.000872815,0.00174568,0.002615,0.0034843,0.00434686,0.00520899,0.00606157,0.00691308,0.00775236,0.00858987,0.00941255,0.0102327,0.0110356,0.011835,0.0126151,0.0133907,0.0141448,0.0148936,0.0156187,0.0163377,0.0170309,0.0177173,0.018376,0.019027,0.0196485,0.0202615,0.0208434,0.0214162,0.0219561,0.0224863,0.0229822,0.0234677,0.0239175,0.0243565,0.0247585,0.0251491,0.0255018,0.0258425,0.0261444,0.0264339,0.0266838,0.026921,0.0271179,0.0273019,0.027445,0.0275751,0.0276638,0.027739,0.0277734,0.0277949
0.587472,-0.0687071,-0.0686667,-0.0685722,-0.0683958,-0.0681658,-0.0678548,-0.0674907,-0.0670461,-0.0665492,-0.0659728,-0.065345,-0.0646391,-0.063883,-0.0630503,-0.0621688,-0.0612127,-0.0602093,-0.0591335,-0.0580122,-0.056821,-0.0555861,-0.0542842,-0.0529407,-0.0515331,-0.0500864,-0.0485787,-0.0470343,-0.0454326,-0.0437967,-0.0421071,-0.0403862,-0.0386155,-0.0368164,-0.0349715,-0.0331012,-0.0311894,-0.0292554,-0.0272843,-0.0252941,-0.0232715,-0.0212331,-0.0191669,-0.0170881,-0.0149866,-0.0128755,-0.0107471,-0.00861204,-0.0064653,-0.00431456,-0.00215794,-5.35215e-17,0.00215794,0.00431456,0.0064653,0.00861204,0.0107471,0.0128755,0.0149866,0.0170881,0.0191669,0.0212331,0.0232715,0.0252941,0.0272843,0.0292554,0.0311894,0.0331012,0.0349715,0.0368164,0.0386155,0.0403862,0.0421071,0.0437967,0.0454326,0.0470343,0.0485787,0.0500864,0.0515331,0.0529407,0.0542842,0.0555861,0.056821,0.0580122,0.0591335,0.0602093,0.0612127,0.0621688,0.0630503,0.063883,0.0646391,0.065345,0.0659728,0.0665492,0.0670461,0.0674907,0.0678548,0.0681658,0.0683958,0.0685722,0.0686667,0.0687071
0.605087,-0.108698,-0.108638,-0.108484,-0.108209,-0.107841,-0.107353,-0.106773,-0.106074,-0.105283,-0.104376,-0.103378,-0.102266,-0.101065,-0.099752,-0.0983536,-0.0968447,-0.0952535,-0.0935552,-0.0917776,-0.0898965,-0.0879394,-0.085883,-0.0837542,-0.0815306,-0.0792385,-0.0768564,-0.07441,-0.0718789,-0.0692879,-0.0666177,-0.0638924,-0.0610936,-0.0582447,-0.0553284,-0.0523671,-0.0493449,-0.0462829,-0.0431666,-0.0400159,-0.0368179,-0.033591,-0.0303239,-0.0270334,-0.0237103,-0.020369,-0.0170031,-0.0136241,-0.0102288,-0.00682546,-0.00341408,1.99905e-16,0.00341408,0.00682546,0.0102288,0.0136241,0.0170031,0.020369,0.0237103,0.0270334,0.0303239,0.033591,0.0368179,0.0400159,0.0431666,0.0462829,0.0493449,0.0523671,0.0553284,0.0582447,0.0610936,0.0638924,0.0666177,0.0692879,0.0718789,0.07441,0.0768564,0.0792385,0.0815306,0.0837542,0.085883,0.0879394,0.0898965,0.0917776,0.0935552,0.0952535,0.0968447,0.0983536,0.099752,0.101065,0.102266,0.103378,0.104376,0.105283,0.106074,0.106773,0.107353,0.107841,0.108209,0.108484,0.108638,0.108698
0.618382,-0.138208,-0.138133,-0.137935,-0.137588,-0.137118,-0.136499,-0.13576,-0.134873,-0.133866,-0.132713,-0.131444,-0.130031,-0.128503,-0.126835,-0.125055,-0.123138,-0.121113,-0.118955,-0.116693,-0.114303,-0.111813,-0.1092,-0.106492,-0.103666,-0.10075,-0.0977228,-0.0946108,-0.0913939,-0.0880981,-0.0847043,-0.0812378,-0.0776804,-0.0740568,-0.07035,-0.0665836,-0.0627419,-0.0588476,-0.0548862,-0.0508792,-0.0468139,-0.04271,-0.0385568,-0.0343721,-0.0301476,-0.0258985,-0.0216194,-0.0173225,-0.0130059,-0.00867831,-0.004341,1.83973e-16,0.004341,0.00867831,0.0130059,0.0173225,0.0216194,0.0258985,0.0301476,0.0343721,0.0385568,0.04271,0.0468139,0.0508792,0.0548862,0.0588476,0.0627419,0.0665836,0.07035,0.0740568,0.0776804,0.0812378,0.0847043,0.0880981,0.0913939,0.0946108,0.0977228,0.10075,0.103666,0.106492,0.1092,0.111813,0.114303,0.116693,0.118955,0.121113,0.123138,0.125055,0.126835,0.128503,0.130031,0.131444,0.132713,0.133866,0.134873,0.13576,0.136499,0.137118,0.137588,0.137935,0.138133,0.138208
0.635106,-0.174429,-0.174336,-0.174084,-0.173648,-0.173053,-0.172274,-0.171339,-0.170221,-0.168949,-0.167496,-0.165892,-0.16411,-0.16218,-0.160076,-0.157828,-0.155411,-0.152854,-0.150132,-0.147276,-0.144261,-0.141117,-0.13782,-0.134401,-0.130836,-0.127154,-0.123335,-0.119406,-0.115347,-0.111186,-0.106904,-0.102528,-0.0980396,-0.0934652,-0.088788,-0.0840333,-0.0791859,-0.0742698,-0.0692713,-0.0642131,-0.0590833,-0.0539029,-0.0486622,-0.0433798,-0.038049,-0.0326855,-0.0272856,-0.0218622,-0.0164145,-0.0109527,-0.00547872,6.21936e-17,0.00547872,0.0109527,0.0164145,0.0218622,0.0272856,0.0326855,0.038049,0.0433798,0.0486622,0.0539029,0.0590833,0.0642131,0.0692713,0.0742698,0.0791859,0.0840333,0.088788,0.0934652,0.0980396,0.102528,0.106904,0.111186,0.115347,0.119406,0.123335,0.127154,0.130836,0.134401,0.13782,0.141117,0.144261,0.147276,0.150132,0.152854,0.155411,0.157828,0.160076,0.16218,0.16411,0.165892,0.167496,0.168949,0.170221,0.171339,0.172274,0.173053,0.173648,0.174084,0.174336,0.174429
0.650111,-0.206011,-0.205903,-0.205605,-0.205091,-0.204387,-0.203469,-0.202363,-0.201044,-0.19954,-0.197825,-0.195929,-0.193826,-0.191545,-0.189062,-0.186406,-0.183552,-0.18053,-0.177317,-0.173942,-0.170383,-0.166668,-0.162776,-0.158736,-0.154527,-0.150177,-0.145668,-0.141026,-0.136234,-0.131318,-0.126262,-0.121092,-0.115792,-0.110388,-0.104865,-0.0992487,-0.0935243,-0.0877173,-0.0818145,-0.0758396,-0.0697817,-0.0636625,-0.0574736,-0.0512341,-0.0449386,-0.0386035,-0.0322263,-0.0258206,-0.0193868,-0.0129359,-0.00647077,7.24681e-17,0.00647077,0.0129359,0.0193868,0.0258206,0.0322263,0.0386035,0.0449386,0.0512341,0.0574736,0.0636625,0.0697817,0.0758396,0.0818145,0.0877173,0.0935243,0.0992487,0.104865,0.110388,0.115792,0.121092,0.126262,0.131318,0.136234,0.141026,0.145668,0.150177,0.154527,0.158736,0.162776,0.166668,0.170383,0.173942,0.177317,0.18053,0.183552,0.186406,0.189062,0.191545,0.193826,0.195929,0.197825,0.19954,0.201044,0.202363,0.203469,0.204387,0.205091,0.205605,0.205903,0.206011
0.667268,-0.240988,-0.240862,-0.240512,-0.239912,-0.239087,-0.238014,-0.236719,-0.235177,-0.233417,-0.231413,-0.229193,-0.226734,-0.224065,-0.221161,-0.218053,-0.214716,-0.21118,-0.207422,-0.203474,-0.199311,-0.194964,-0.190412,-0.185685,-0.180763,-0.175674,-0.170399,-0.164969,-0.159364,-0.153613,-0.147699,-0.141651,-0.135451,-0.12913,-0.122669,-0.116099,-0.109403,-0.102609,-0.0957051,-0.088715,-0.0816294,-0.0744706,-0.0672316,-0.0599321,-0.0525684,-0.0451572,-0.0376977,-0.0302043,-0.0226783,-0.0151321,-0.0075694,1.58123e-16,0.0075694,0.0151321,0.0226783,0.0302043,0.0376977,0.0451572,0.0525684,0.0599321,0.0672316,0.0744706,0.0816294,0.088715,0.0957051,0.102609,0.109403,0.116099,0.122669,0.12913,0.135451,0.141651,0.147699,0.153613,0.159364,0.164969,0.170399,0.175674,0.180763,0.185685,0.190412,0.194964,0.199311,0.203474,0.207422,0.21118,0.214716,0.218053,0.221161,0.224065,0.226734,0.229193,0.231413,0.233417,0.235177,0.236719,0.238014,0.239087,0.239912,0.240512,0.240862,0.240988
0.684425,-0.274675,-0.274533,-0.274132,-0.273449,-0.272509,-0.271287,-0.26981,-0.268053,-0.266046,-0.263762,-0.261232,-0.25843,-0.255387,-0.252078,-0.248534,-0.244731,-0.2407,-0.236419,-0.231917,-0.227173,-0.222218,-0.217031,-0.211642,-0.206032,-0.200231,-0.19422,-0.18803,-0.181641,-0.175086,-0.168346,-0.161452,-0.154386,-0.14718,-0.139818,-0.132328,-0.124697,-0.116953,-0.109084,-0.101116,-0.0930406,-0.0848803,-0.07663,-0.0683097,-0.059917,-0.0514696,-0.0429676,-0.0344264,-0.0258486,-0.0172473,-0.00862754,1.55816e-16,0.00862754,0.0172473,0.0258486,0.0344264,0.0429676,0.0514696,0.059917,0.0683097,0.07663,0.0848803,0.0930406,0.101116,0.109084,0.116953,0.124697,0.132328,0.139818,0.14718,0.154386,0.161452,0.168346,0.175086,0.181641,0.18803,0.19422,0.200231,0.206032,0.211642,0.217031,0.222218,0.227173,0.231917,0.236419,0.2407,0.244731,0.248534,0.252078,0.255387,0.25843,0.261232,0.263762,0.266046,0.268053,0.26981,0.271287,0.272509,0.273449,0.274132,0.274533,0.274675
0.698573,-0.301429,-0.301275,-0.300836,-0.300086,-0.299053,-0.297713,-0.296091,-0.294165,-0.291961,-0.289456,-0.286678,-0.283604,-0.280264,-0.276633,-0.272743,-0.268571,-0.264146,-0.259448,-0.254507,-0.249302,-0.243864,-0.238172,-0.232258,-0.226101,-0.219735,-0.213139,-0.206345,-0.199335,-0.192141,-0.184745,-0.177178,-0.169425,-0.161517,-0.153437,-0.145217,-0.136844,-0.128344,-0.11971,-0.110965,-0.102104,-0.0931481,-0.0840946,-0.0749636,-0.0657536,-0.0564831,-0.0471531,-0.0377797,-0.0283665,-0.0189272,-0.00946796,1.46603e-16,0.00946796,0.0189272,0.0283665,0.0377797,0.0471531,0.0564831,0.0657536,0.0749636,0.0840946,0.0931481,0.102104,0.110965,0.11971,0.128344,0.136844,0.145217,0.153437,0.161517,0.169425,0.177178,0.184745,0.192141,0.199335,0.206345,0.213139,0.219735,0.226101,0.232258,0.238172,0.243864,0.249302,0.254507,0.259448,0.264146,0.268571,0.272743,0.276633,0.280264,0.283604,0.286678,0.289456,0.291961,0.294165,0.296091,0.297713,0.299053,0.300086,0.300836,0.301275,0.301429
0.714454,-0.330309,-0.330141,-0.329658,-0.328838,-0.327705,-0.326237,-0.324459,-0.322349,-0.319933,-0.317189,-0.314144,-0.310776,-0.307115,-0.303138,-0.298874,-0.294303,-0.289454,-0.284306,-0.278891,-0.273188,-0.267228,-0.260991,-0.25451,-0.247765,-0.240787,-0.23356,-0.226115,-0.218434,-0.21055,-0.202446,-0.194153,-0.185658,-0.176991,-0.168138,-0.15913,-0.149955,-0.140641,-0.131179,-0.121596,-0.111886,-0.102072,-0.0921518,-0.0821456,-0.0720535,-0.0618946,-0.0516709,-0.0413993,-0.0310843,-0.0207405,-0.0103751,1.34655e-16,0.0103751,0.0207405,0.0310843,0.0413993,0.0516709,0.0618946,0.0720535,0.0821456,0.0921518,0.102072,0.111886,0.121596,0.131179,0.140641,0.149955,0.15913,0.168138,0.176991,0.185658,0.194153,0.202446,0.21055,0.218434,0.226115,0.23356,0.240787,0.247765,0.25451,0.260991,0.267228,0.273188,0.278891,0.284306,0.289454,0.294303,0.298874,0.303138,0.307115,0.310776,0.314144,0.317189,0.319933,0.322349,0.324459,0.326237,0.327705,0.328838,0.329658,0.330141,0.330309
0.727921,-0.353807,-0.353626,-0.353108,-0.352231,-0.351017,-0.349445,-0.34754,-0.34528,-0.342692,-0.339753,-0.336491,-0.332884,-0.328962,-0.324702,-0.320135,-0.315239,-0.310044,-0.304531,-0.29873,-0.292622,-0.286237,-0.279557,-0.272615,-0.26539,-0.257916,-0.250175,-0.242199,-0.233973,-0.225527,-0.216847,-0.207964,-0.198866,-0.189581,-0.180099,-0.170449,-0.160622,-0.150645,-0.140511,-0.130246,-0.119846,-0.109333,-0.0987073,-0.087989,-0.0771792,-0.0662974,-0.0553466,-0.0443442,-0.0332956,-0.0222159,-0.0111132,-2.74475e-17,0.0111132,0.0222159,0.0332956,0.0443442,0.0553466,0.0662974,0.0771792,0.087989,0.0987073,0.109333,0.119846,0.130246,0.140511,0.150645,0.160622,0.170449,0.180099,0.189581,0.198866,0.207964,0.216847,0.225527,0.233973,0.242199,0.250175,0.257916,0.26539,0.272615,0.279557,0.286237,0.292622,0.29873,0.304531,0.310044,0.315239,0.320135,0.324702,0.328962,0.332884,0.336491,0.339753,0.342692,0.34528,0.34754,0.349445,0.351017,0.352231,0.353108,0.353626,0.353807
0.744193,-0.380937,-0.380744,-0.380186,-0.379241,-0.377934,-0.376242,-0.37419,-0.371758,-0.36897,-0.365806,-0.362294,-0.358411,-0.354188,-0.349602,-0.344684,-0.339413,-0.333819,-0.327884,-0.321638,-0.315061,-0.308187,-0.300995,-0.293519,-0.285741,-0.277694,-0.269359,-0.260772,-0.251915,-0.242821,-0.233476,-0.223911,-0.214115,-0.204118,-0.19391,-0.18352,-0.172939,-0.162197,-0.151286,-0.140234,-0.129036,-0.117717,-0.106277,-0.0947361,-0.0830977,-0.0713811,-0.0595908,-0.0477445,-0.0358488,-0.0239195,-0.0119654,-3.96529e-16,0.0119654,0.0239195,0.0358488,0.0477445,0.0595908,0.0713811,0.0830977,0.0947361,0.106277,0.117717,0.129036,0.140234,0.151286,0.162197,0.172939,0.18352,0.19391,0.204118,0.214115,0.223911,0.233476,0.242821,0.251915,0.260772,0.269359,0.277694,0.285741,0.293519,0.300995,0.308187,0.315061,0.321638,0.327884,0.333819,0.339413,0.344684,0.349602,0.354188,0.358411,0.362294,0.365806,0.36897,0.371758,0.37419,0.376242,0.377934,0.379241,0.380186,0.380744,0.380937
0.760237,-0.406292,-0.406087,-0.405492,-0.404484,-0.403089,-0.401285,-0.399097,-0.396503,-0.393529,-0.390155,-0.386408,-0.382268,-0.377763,-0.372872,-0.367626,-0.362005,-0.356039,-0.349709,-0.343046,-0.336032,-0.3287,-0.32103,-0.313056,-0.304761,-0.296177,-0.287289,-0.278129,-0.268683,-0.258983,-0.249016,-0.238815,-0.228367,-0.217704,-0.206817,-0.195735,-0.184451,-0.172992,-0.161356,-0.149568,-0.137625,-0.125552,-0.113351,-0.101042,-0.0886289,-0.0761323,-0.0635574,-0.0509224,-0.038235,-0.0255116,-0.0127618,-4.93967e-16,0.0127618,0.0255116,0.038235,0.0509224,0.0635574,0.0761323,0.0886289,0.101042,0.113351,0.125552,0.137625,0.149568,0.161356,0.172992,0.184451,0.195735,0.206817,0.217704,0.228367,0.238815,0.249016,0.258983,0.268683,0.278129,0.287289,0.296177,0.304761,0.313056,0.32103,0.3287,0.336032,0.343046,0.349709,0.356039,0.362005,0.367626,0.372872,0.377763,0.382268,0.386408,0.390155,0.393529,0.396503,0.399097,0.401285,0.403089,0.404484,0.405492,0.406087,0.406292
0.776281,-0.430222,-0.430004,-0.429373,-0.428307,-0.42683,-0.42492,-0.422602,-0.419855,-0.416706,-0.413134,-0.409166,-0.404782,-0.400011,-0.394833,-0.389278,-0.383326,-0.377008,-0.370305,-0.36325,-0.355824,-0.348059,-0.339938,-0.331494,-0.32271,-0.31362,-0.304209,-0.294509,-0.284507,-0.274236,-0.263683,-0.25288,-0.241817,-0.230526,-0.218998,-0.207262,-0.195314,-0.183181,-0.17086,-0.158376,-0.145731,-0.132947,-0.120027,-0.106992,-0.0938488,-0.080616,-0.0673007,-0.0539214,-0.0404869,-0.027014,-0.0135134,-6.55856e-17,0.0135134,0.027014,0.0404869,0.0539214,0.0673007,0.080616,0.0938488,0.106992,0.120027,0.132947,0.145731,0.158376,0.17086,0.183181,0.195314,0.207262,0.218998,0.230526,0.241817,0.25288,0.263683,0.274236,0.284507,0.294509,0.304209,0.31362,0.32271,0.331494,0.339938,0.348059,0.355824,0.36325,0.370305,0.377008,0.383326,0.389278,0.394833,0.400011,0.404782,0.409166,0.413134,0.416706,0.419855,0.422602,0.42492,0.42683,0.428307,0.429373,0.430004,0.430222
0.792326,-0.452686,-0.452457,-0.451792,-0.450672,-0.449116,-0.447107,-0.444668,-0.441779,-0.438465,-0.434706,-0.430531,-0.425918,-0.420898,-0.41545,-0.409604,-0.403341,-0.396693,-0.389641,-0.382217,-0.374403,-0.366232,-0.357688,-0.348802,-0.339561,-0.329996,-0.320094,-0.309887,-0.299363,-0.288555,-0.277451,-0.266084,-0.254444,-0.242563,-0.230433,-0.218084,-0.205513,-0.192745,-0.179781,-0.166646,-0.15334,-0.139888,-0.126294,-0.112579,-0.0987492,-0.0848254,-0.0708148,-0.0567369,-0.042601,-0.0284245,-0.014219,3.485e-16,0.014219,0.0284245,0.042601,0.0567369,0.0708148,0.0848254,0.0987492,0.112579,0.126294,0.139888,0.15334,0.166646,0.179781,0.192745,0.205513,0.218084,0.230433,0.242563,0.254444,0.266084,0.277451,0.288555,0.299363,0.309887,0.320094,0.329996,0.339561,0.348802,0.357688,0.366232,0.374403,0.382217,0.389641,0.396693,0.403341,0.409604,0.41545,0.420898,0.425918,0.430531,0.434706,0.438465,0.441779,0.444668,0.447107,0.449116,0.450672,0.451792,0.452457,0.452686
0.804803,-0.469121,-0.468886,-0.468197,-0.467035,-0.465423,-0.463341,-0.460813,-0.457819,-0.454384,-0.45049,-0.446163,-0.441383,-0.43618,-0.430534,-0.424476,-0.417986,-0.411096,-0.403789,-0.396095,-0.387998,-0.37953,-0.370675,-0.361467,-0.35189,-0.341977,-0.331716,-0.321138,-0.310233,-0.299031,-0.287525,-0.275744,-0.263683,-0.251369,-0.2388,-0.226003,-0.212975,-0.199744,-0.186309,-0.172696,-0.158908,-0.144967,-0.130879,-0.116667,-0.102335,-0.0879052,-0.0733861,-0.0587969,-0.0441478,-0.0294565,-0.0147353,2.42348e-16,0.0147353,0.0294565,0.0441478,0.0587969,0.0733861,0.0879052,0.102335,0.116667,0.130879,0.144967,0.158908,0.172696,0.186309,0.199744,0.212975,0.226003,0.2388,0.251369,0.263683,0.275744,0.287525,0.299031,0.310233,0.321138,0.331716,0.341977,0.35189,0.361467,0.370675,0.37953,0.387998,0.396095,0.403789,0.411096,0.417986,0.424476,0.430534,0.43618,0.441383,0.446163,0.45049,0.454384,0.457819,0.460813,0.463341,0.465423,0.467035,0.468197,0.468886,0.469121
0.819983,-0.487876,-0.487632,-0.486915,-0.485707,-0.48403,-0.481866,-0.479236,-0.476123,-0.47255,-0.468501,-0.464,-0.45903,-0.453618,-0.447747,-0.441446,-0.434697,-0.427532,-0.419932,-0.41193,-0.40351,-0.394703,-0.385495,-0.375918,-0.365958,-0.355649,-0.344978,-0.333976,-0.322636,-0.310986,-0.29902,-0.286768,-0.274225,-0.261419,-0.248347,-0.235038,-0.221489,-0.207729,-0.193757,-0.1796,-0.165261,-0.150763,-0.136112,-0.121331,-0.106426,-0.0914195,-0.0763201,-0.0611475,-0.0459128,-0.0306342,-0.0153244,-2.47617e-16,0.0153244,0.0306342,0.0459128,0.0611475,0.0763201,0.0914195,0.106426,0.121331,0.136112,0.150763,0.165261,0.1796,0.193757,0.207729,0.221489,0.235038,0.248347,0.261419,0.274225,0.286768,0.29902,0.310986,0.322636,0.333976,0.344978,0.355649,0.365958,0.375918,0.385495,0.394703,0.40351,0.41193,0.419932,0.427532,0.434697,0.441446,0.447747,0.453618,0.45903,0.464,0.468501,0.47255,0.476123,0.479236,0.481866,0.48403,0.485707,0.486915,0.487632,0.487876
0.828713,-0.498038,-0.497787,-0.497055,-0.495823,-0.494111,-0.491901,-0.489216,-0.486039,-0.482392,-0.478258,-0.473663,-0.468589,-0.463065,-0.457072,-0.450639,-0.44375,-0.436435,-0.428678,-0.420509,-0.411913,-0.402923,-0.393523,-0.383746,-0.37358,-0.363055,-0.352162,-0.340932,-0.329355,-0.317462,-0.305248,-0.29274,-0.279936,-0.266863,-0.253519,-0.239932,-0.226102,-0.212055,-0.197793,-0.183341,-0.168703,-0.153903,-0.138947,-0.123857,-0.108642,-0.0933233,-0.0779095,-0.0624209,-0.046869,-0.0312722,-0.0156436,-4.6329e-16,0.0156436,0.0312722,0.046869,0.0624209,0.0779095,0.0933233,0.108642,0.123857,0.138947,0.153903,0.168703,0.183341,0.197793,0.212055,0.226102,0.239932,0.253519,0.266863,0.279936,0.29274,0.305248,0.317462,0.329355,0.340932,0.352162,0.363055,0.37358,0.383746,0.393523,0.402923,0.411913,0.420509,0.428678,0.436435,0.44375,0.450639,0.457072,0.463065,0.468589,0.473663,0.478258,0.482392,0.486039,0.489216,0.491901,0.494111,0.495823,0.497055,0.497787,0.498038
0.844049,-0.514769,-0.51451,-0.513752,-0.512479,-0.51071,-0.508426,-0.505651,-0.502367,-0.498597,-0.494325,-0.489575,-0.484332,-0.478621,-0.472427,-0.465778,-0.458658,-0.451097,-0.443079,-0.434635,-0.425751,-0.416458,-0.406743,-0.396638,-0.38613,-0.375251,-0.363993,-0.352385,-0.34042,-0.328127,-0.315502,-0.302574,-0.28934,-0.275828,-0.262036,-0.247993,-0.233698,-0.219179,-0.204437,-0.1895,-0.17437,-0.159073,-0.143615,-0.128018,-0.112292,-0.0964583,-0.0805268,-0.0645178,-0.0484436,-0.0323227,-0.0161691,-4.43205e-16,0.0161691,0.0323227,0.0484436,0.0645178,0.0805268,0.0964583,0.112292,0.128018,0.143615,0.159073,0.17437,0.1895,0.204437,0.219179,0.233698,0.247993,0.262036,0.275828,0.28934,0.302574,0.315502,0.328127,0.34042,0.352385,0.363993,0.375251,0.38613,0.396638,0.406743,0.416458,0.425751,0.434635,0.443079,0.451097,0.458658,0.465778,0.472427,0.478621,0.484332,0.489575,0.494325,0.498597,0.502367,0.505651,0.508426,0.51071,0.512479,0.513752,0.51451,0.514769
0.857622,-0.528374,-0.52811,-0.527332,-0.526025,-0.524208,-0.521865,-0.519016,-0.515645,-0.511776,-0.507391,-0.502515,-0.497133,-0.491272,-0.484914,-0.478089,-0.470781,-0.46302,-0.454791,-0.446123,-0.437005,-0.427466,-0.417494,-0.407121,-0.396336,-0.38517,-0.373614,-0.361698,-0.349418,-0.3368,-0.323842,-0.310572,-0.296988,-0.283118,-0.268962,-0.254547,-0.239875,-0.224972,-0.209841,-0.194508,-0.178979,-0.163277,-0.147411,-0.131402,-0.11526,-0.0990079,-0.0826553,-0.0662231,-0.049724,-0.033177,-0.0165965,-1.86297e-16,0.0165965,0.033177,0.049724,0.0662231,0.0826553,0.0990079,0.11526,0.131402,0.147411,0.163277,0.178979,0.194508,0.209841,0.224972,0.239875,0.254547,0.268962,0.283118,0.296988,0.310572,0.323842,0.3368,0.349418,0.361698,0.373614,0.38517,0.396336,0.407121,0.417494,0.427466,0.437005,0.446123,0.454791,0.46302,0.470781,0.478089,0.484914,0.491272,0.497133,0.502515,0.507391,0.511776,0.515645,0.519016,0.521865,0.524208,0.526025,0.527332,0.52811,0.528374
0.872277,-0.541788,-0.541518,-0.540721,-0.539381,-0.537517,-0.535115,-0.532193,-0.528737,-0.524769,-0.520273,-0.515273,-0.509755,-0.503744,-0.497226,-0.490227,-0.482734,-0.474775,-0.466337,-0.457449,-0.4481,-0.438318,-0.428094,-0.417457,-0.406399,-0.394949,-0.3831,-0.370881,-0.358289,-0.345351,-0.332064,-0.318457,-0.304529,-0.290306,-0.275791,-0.26101,-0.245965,-0.230683,-0.215169,-0.199447,-0.183523,-0.167423,-0.151153,-0.134738,-0.118187,-0.101522,-0.0847539,-0.0679044,-0.0509865,-0.0340193,-0.0170179,-5.87094e-17,0.0170179,0.0340193,0.0509865,0.0679044,0.0847539,0.101522,0.118187,0.134738,0.151153,0.167423,0.183523,0.199447,0.215169,0.230683,0.245965,0.26101,0.275791,0.290306,0.304529,0.318457,0.332064,0.345351,0.358289,0.370881,0.3831,0.394949,0.406399,0.417457,0.428094,0.438318,0.4481,0.457449,0.466337,0.474775,0.482734,0.490227,0.497226,0.503744,0.509755,0.515273,0.520273,0.524769,0.528737,0.532193,0.535115,0.537517,0.539381,0.540721,0.541518,0.541788
0.883658,-0.551287,-0.551011,-0.550199,-0.548836,-0.54694,-0.544495,-0.541522,-0.538006,-0.533968,-0.529393,-0.524306,-0.518691,-0.512574,-0.505942,-0.49882,-0.491196,-0.483097,-0.474512,-0.465468,-0.455955,-0.446001,-0.435599,-0.424775,-0.413523,-0.401871,-0.389816,-0.377383,-0.36457,-0.351404,-0.337885,-0.324039,-0.309867,-0.295395,-0.280626,-0.265585,-0.250277,-0.234727,-0.218941,-0.202943,-0.18674,-0.170357,-0.153803,-0.1371,-0.120259,-0.103301,-0.0862396,-0.0690947,-0.0518803,-0.0346156,-0.0173162,-1.09356e-16,0.0173162,0.0346156,0.0518803,0.0690947,0.0862396,0.103301,0.120259,0.1371,0.153803,0.170357,0.18674,0.202943,0.218941,0.234727,0.250277,0.265585,0.280626,0.295395,0.309867,0.324039,0.337885,0.351404,0.36457,0.377383,0.389816,0.401871,0.413523,0.424775,0.435599,0.446001,0.455955,0.465468,0.474512,0.483097,0.491196,0.49882,0.505942,0.512574,0.518691,0.524306,0.529393,0.533968,0.538006,0.541522,0.544495,0.54694,0.548836,0.550199,0.551011,0.551287
0.898147,-0.562208,-0.561927,-0.561098,-0.559709,-0.557775,-0.555282,-0.55225,-0.548664,-0.544546,-0.539881,-0.534692,-0.528967,-0.522729,-0.515965,-0.508702,-0.500928,-0.492668,-0.483913,-0.474689,-0.464988,-0.454837,-0.444228,-0.433189,-0.421716,-0.409833,-0.397538,-0.384859,-0.371792,-0.358365,-0.344579,-0.330458,-0.316006,-0.301247,-0.286185,-0.270846,-0.255235,-0.239377,-0.223278,-0.206963,-0.19044,-0.173732,-0.15685,-0.139816,-0.122641,-0.105347,-0.0879481,-0.0704634,-0.0529081,-0.0353014,-0.0176593,-1.55743e-16,0.0176593,0.0353014,0.0529081,0.0704634,0.0879481,0.105347,0.122641,0.139816,0.15685,0.173732,0.19044,0.206963,0.223278,0.239377,0.255235,0.270846,0.286185,0.301247,0.316006,0.330458,0.344579,0.358365,0.371792,0.384859,0.397538,0.409833,0.421716,0.433189,0.444228,0.454837,0.464988,0.474689,0.483913,0.492668,0.500928,0.508702,0.515965,0.522729,0.528967,0.534692,0.539881,0.544546,0.548664,0.55225,0.555282,0.557775,0.559709,0.561098,0.561927,0.562208
0.910604,-0.570548,-0.570263,-0.569422,-0.568013,-0.566049,-0.56352,-0.560443,-0.556804,-0.552624,-0.54789,-0.542624,-0.536814,-0.530483,-0.52362,-0.516248,-0.508359,-0.499976,-0.491092,-0.481731,-0.471886,-0.461584,-0.450819,-0.439616,-0.427972,-0.415912,-0.403436,-0.390568,-0.377308,-0.363682,-0.349691,-0.33536,-0.320694,-0.305716,-0.290431,-0.274864,-0.259022,-0.242928,-0.226591,-0.210033,-0.193265,-0.176309,-0.159177,-0.14189,-0.12446,-0.10691,-0.0892528,-0.0715087,-0.053693,-0.0358251,-0.0179212,-9.81178e-17,0.0179212,0.0358251,0.053693,0.0715087,0.0892528,0.10691,0.12446,0.14189,0.159177,0.176309,0.193265,0.210033,0.226591,0.242928,0.259022,0.274864,0.290431,0.305716,0.320694,0.33536,0.349691,0.363682,0.377308,0.390568,0.403436,0.415912,0.427972,0.439616,0.450819,0.461584,0.471886,0.481731,0.491092,0.499976,0.508359,0.516248,0.52362,0.530483,0.536814,0.542624,0.54789,0.552624,0.556804,0.560443,0.56352,0.566049,0.568013,0.569422,0.570263,0.570548
0.924803,-0.578869,-0.578581,-0.577728,-0.576297,-0.574305,-0.57174,-0.568617,-0.564925,-0.560684,-0.555882,-0.550539,-0.544644,-0.53822,-0.531257,-0.523778,-0.515774,-0.507268,-0.498255,-0.488756,-0.478769,-0.468316,-0.457394,-0.446027,-0.434214,-0.421978,-0.40932,-0.396264,-0.382811,-0.368986,-0.354791,-0.340252,-0.325371,-0.310174,-0.294667,-0.278873,-0.2628,-0.246471,-0.229896,-0.213096,-0.196084,-0.178881,-0.161499,-0.143959,-0.126276,-0.10847,-0.0905547,-0.0725517,-0.0544761,-0.0363476,-0.0181826,-7.53539e-17,0.0181826,0.0363476,0.0544761,0.0725517,0.0905547,0.10847,0.126276,0.143959,0.161499,0.178881,0.196084,0.213096,0.229896,0.246471,0.2628,0.278873,0.294667,0.310174,0.325371,0.340252,0.354791,0.368986,0.382811,0.396264,0.40932,0.421978,0.434214,0.446027,0.457394,0.468316,0.478769,0.488756,0.498255,0.507268,0.515774,0.523778,0.531257,0.53822,0.544644,0.550539,0.555882,0.560684,0.564925,0.568617,0.57174,0.574305,0.576297,0.577728,0.578581,0.578869
0.937153,-0.585083,-0.584791,-0.583928,-0.582483,-0.58047,-0.577877,-0.57472,-0.570989,-0.566702,-0.561848,-0.556448,-0.55049,-0.543997,-0.53696,-0.529399,-0.52131,-0.512713,-0.503603,-0.494002,-0.483908,-0.473342,-0.462304,-0.450815,-0.438875,-0.426508,-0.413714,-0.400517,-0.38692,-0.372946,-0.3586,-0.343903,-0.328864,-0.313503,-0.29783,-0.281866,-0.265621,-0.249116,-0.232363,-0.215384,-0.198189,-0.180801,-0.163232,-0.145504,-0.127631,-0.109634,-0.0915267,-0.0733304,-0.0550609,-0.0367377,-0.0183778,-1.92523e-16,0.0183778,0.0367377,0.0550609,0.0733304,0.0915267,0.109634,0.127631,0.145504,0.163232,0.180801,0.198189,0.215384,0.232363,0.249116,0.265621,0.281866,0.29783,0.313503,0.328864,0.343903,0.3586,0.372946,0.38692,0.400517,0.413714,0.426508,0.438875,0.450815,0.462304,0.473342,0.483908,0.494002,0.503603,0.512713,0.52131,0.529399,0.53696,0.543997,0.55049,0.556448,0.561848,0.566702,0.570989,0.57472,0.577877,0.58047,0.582483,0.583928,0.584791,0.585083
0.9511,-0.590957,-0.590662,-0.58979,-0.588331,-0.586297,-0.583678,-0.580489,-0.576721,-0.572391,-0.567489,-0.562033,-0.556017,-0.549458,-0.54235,-0.534714,-0.526543,-0.517859,-0.508659,-0.498961,-0.488766,-0.478094,-0.466945,-0.45534,-0.443281,-0.430789,-0.417867,-0.404538,-0.390805,-0.37669,-0.3622,-0.347356,-0.332165,-0.31665,-0.30082,-0.284696,-0.268287,-0.251617,-0.234696,-0.217546,-0.200178,-0.182616,-0.164871,-0.146965,-0.128913,-0.110734,-0.0924455,-0.0740665,-0.0556136,-0.0371065,-0.0185623,-3.18939e-16,0.0185623,0.0371065,0.0556136,0.0740665,0.0924455,0.110734,0.128913,0.146965,0.164871,0.182616,0.200178,0.217546,0.234696,0.251617,0.268287,0.284696,0.30082,0.31665,0.332165,0.347356,0.3622,0.37669,0.390805,0.404538,0.417867,0.430789,0.443281,0.45534,0.466945,0.478094,0.488766,0.498961,0.508659,0.517859,0.526543,0.534714,0.54235,0.549458,0.556017,0.562033,0.567489,0.572391,0.576721,0.580489,0.583678,0.586297,0.588331,0.58979,0.590662,0.590957
0.963657,-0.595211,-0.594915,-0.594037,-0.592567,-0.590518,-0.58788,-0.584669,-0.580874,-0.576512,-0.571575,-0.56608,-0.56002,-0.553414,-0.546255,-0.538563,-0.530335,-0.521588,-0.512321,-0.502554,-0.492285,-0.481536,-0.470307,-0.458618,-0.446472,-0.43389,-0.420876,-0.40745,-0.393618,-0.379402,-0.364807,-0.349856,-0.334557,-0.31893,-0.302986,-0.286745,-0.270219,-0.253429,-0.236386,-0.219112,-0.20162,-0.18393,-0.166058,-0.148023,-0.129841,-0.111531,-0.0931111,-0.0745998,-0.0560141,-0.0373736,-0.0186959,-2.13772e-16,0.0186959,0.0373736,0.0560141,0.0745998,0.0931111,0.111531,0.129841,0.148023,0.166058,0.18393,0.20162,0.219112,0.236386,0.253429,0.270219,0.286745,0.302986,0.31893,0.334557,0.349856,0.364807,0.379402,0.393618,0.40745,0.420876,0.43389,0.446472,0.458618,0.470307,0.481536,0.492285,0.502554,0.512321,0.521588,0.530335,0.538563,0.546255,0.553414,0.56002,0.56608,0.571575,0.576512,0.580874,0.584669,0.58788,0.590518,0.592567,0.594037,0.594915,0.595211
0.97736,-0.598743,-0.598446,-0.597563,-0.596084,-0.594023,-0.59137,-0.588139,-0.584322,-0.579933,-0.574968,-0.569439,-0.563344,-0.556698,-0.549498,-0.54176,-0.533483,-0.524683,-0.515362,-0.505536,-0.495207,-0.484394,-0.473099,-0.46134,-0.449123,-0.436466,-0.423374,-0.409868,-0.395955,-0.381654,-0.366973,-0.351933,-0.336543,-0.320823,-0.304784,-0.288447,-0.271823,-0.254933,-0.237789,-0.220412,-0.202816,-0.185022,-0.167044,-0.148902,-0.130611,-0.112193,-0.0936638,-0.0750425,-0.0563466,-0.0375955,-0.0188069,8.81009e-17,0.0188069,0.0375955,0.0563466,0.0750425,0.0936638,0.112193,0.130611,0.148902,0.167044,0.185022,0.202816,0.220412,0.237789,0.254933,0.271823,0.288447,0.304784,0.320823,0.336543,0.351933,0.366973,0.381654,0.395955,0.409868,0.423374,0.436466,0.449123,0.46134,0.473099,0.484394,0.495207,0.505536,0.515362,0.524683,0.533483,0.54176,0.549498,0.556698,0.563344,0.569439,0.574968,0.579933,0.584322,0.588139,0.59137,0.594023,0.596084,0.597563,0.598446,0.598743
0.990089,-0.600995,-0.600697,-0.599809,-0.598326,-0.596257,-0.593594,-0.59035,-0.58652,-0.582114,-0.57713,-0.571581,-0.565463,-0.558791,-0.551564,-0.543797,-0.535489,-0.526656,-0.5173,-0.507437,-0.49707,-0.486216,-0.474878,-0.463075,-0.450812,-0.438107,-0.424967,-0.41141,-0.397444,-0.383089,-0.368353,-0.353256,-0.337808,-0.322029,-0.305931,-0.289532,-0.272845,-0.255891,-0.238683,-0.221241,-0.203579,-0.185718,-0.167672,-0.149462,-0.131103,-0.112615,-0.0940161,-0.0753247,-0.0565585,-0.0377368,-0.0188777,2.60565e-16,0.0188777,0.0377368,0.0565585,0.0753247,0.0940161,0.112615,0.131103,0.149462,0.167672,0.185718,0.203579,0.221241,0.238683,0.255891,0.272845,0.289532,0.305931,0.322029,0.337808,0.353256,0.368353,0.383089,0.397444,0.41141,0.424967,0.438107,0.450812,0.463075,0.474878,0.486216,0.49707,0.507437,0.5173,0.526656,0.535489,0.543797,0.551564,0.558791,0.565463,0.571581,0.57713,0.582114,0.58652,0.59035,0.593594,0.596257,0.598326,0.599809,0.600697,0.600995
1,-0.602068,-0.601768,-0.600879,-0.599393,-0.59732,-0.594653,-0.591403,-0.587566,-0.583152,-0.57816,-0.5726,-0.566472,-0.559788,-0.552548,-0.544767,-0.536444,-0.527596,-0.518223,-0.508342,-0.497957,-0.487083,-0.475725,-0.463901,-0.451616,-0.438888,-0.425725,-0.412143,-0.398153,-0.383772,-0.36901,-0.353886,-0.338411,-0.322604,-0.306476,-0.290048,-0.273332,-0.256348,-0.239109,-0.221636,-0.203942,-0.186049,-0.167971,-0.149728,-0.131337,-0.112816,-0.0941838,-0.075459,-0.0566594,-0.0378041,-0.0189113,2.04679e-16,0.0189113,0.0378041,0.0566594,0.075459,0.0941838,0.112816,0.131337,0.149728,0.167971,0.186049,0.203942,0.221636,0.239109,0.256348,0.273332,0.290048,0.306476,0.322604,0.338411,0.353886,0.36901,0.383772,0.398153,0.412143,0.425725,0.438888,0.451616,0.463901,0.475725,0.487083,0.497957,0.508342,0.518223,0.527596,0.536444,0.544767,0.552548,0.559788,0.566472,0.5726,0.57816,0.583152,0.587566,0.591403,0.594653,0.59732,0.599393,0.600879,0.601768,0.602068
